--jitless,--experimental-wasm-modules,--experimental-vm-modules,--preserve-symlinks-main,--no-warnings,--node-memory-debug,ops
0,0,1,1,0,0,254773.56489872496
1,0,1,1,1,0,256403.5504712441
0,0,0,0,0,0,259290.23964122526
1,0,1,0,1,0,266932.38896213216
0,0,0,1,0,1,261058.16271442012
1,0,0,1,0,1,261277.65819970286
1,1,0,0,1,0,258077.56985901739
0,1,1,1,1,1,254559.8672623028
0,0,1,1,1,0,256870.05380657015
0,1,1,1,1,0,259291.44981258412
1,0,1,0,0,1,258257.85962600648
1,0,0,0,0,1,260811.00747640835
0,0,1,0,0,1,258086.69493404208
0,0,1,1,0,1,252841.2402267379
1,1,0,1,1,1,258411.0870760088
0,1,0,1,1,0,258190.24645033595
1,0,1,1,0,1,261437.7717972435
0,1,0,0,1,1,262406.3078277901
1,0,0,0,1,0,253135.07794029047
1,0,0,1,1,1,253335.6707771224
1,1,1,0,0,0,254126.5707880999
1,0,1,1,0,0,256009.37199108987
1,0,0,1,1,0,261335.76549819089
0,0,0,1,0,0,259912.47707247062
1,1,1,1,1,0,255885.49431192133
1,0,1,1,1,1,257705.5240209896
1,0,0,1,0,0,262855.4035053871
1,1,0,1,1,0,261047.46338874588
1,1,1,1,1,1,252639.6421409997
1,1,1,0,1,0,251967.42464347242
0,0,0,1,1,1,251408.89545010237
0,1,1,0,0,0,258396.4638960709
0,0,1,0,1,1,244633.47544907365
1,1,1,1,0,0,267481.1646450886
0,0,0,0,1,1,263518.1517890906
1,1,1,1,0,1,257036.23851112273
1,1,0,0,0,0,264847.06141591474
1,1,0,0,0,1,263880.85884775367
0,0,1,0,0,0,257742.78661706662
1,1,0,1,0,0,256575.3198660369
1,0,0,0,1,1,258665.08639543218
1,0,0,0,0,0,254731.64021703138
0,1,1,1,0,1,258261.1945251726
0,1,0,0,0,0,257921.743963664
0,1,1,0,1,1,262017.97862562136
1,0,1,0,0,0,249738.08718106884
0,1,1,0,0,1,254944.0015500595
0,1,0,0,0,1,256097.88265953553
0,1,0,1,1,1,262038.9195925714
0,0,1,1,1,1,260837.53890391893
