--jitless,--experimental-wasm-modules,--experimental-vm-modules,--preserve-symlinks-main,--no-warnings,--node-memory-debug,ops
0,0,1,1,0,0,249830.3027668456
1,0,1,1,1,0,253225.52341082628
0,0,0,0,0,0,254162.67631264857
1,0,1,0,1,0,227190.37076332554
0,0,0,1,0,1,261973.15561074458
1,0,0,1,0,1,254126.95827057454
1,1,0,0,1,0,250331.68948857233
0,1,1,1,1,1,252400.32711082397
0,0,1,1,1,0,260175.5300230854
0,1,1,1,1,0,263947.0965555432
1,0,1,0,0,1,258698.87916123614
1,0,0,0,0,1,252278.5801357864
0,0,1,0,0,1,259816.0450437881
0,0,1,1,0,1,255044.13538762883
1,1,0,1,1,1,250125.06253126563
0,1,0,1,1,0,255508.8343457019
1,0,1,1,0,1,255213.04547003226
0,1,0,0,1,1,250451.18781484844
1,0,0,0,1,0,261360.69605580572
1,0,0,1,1,1,260913.48943613464
1,1,1,0,0,0,256904.36914691565
1,0,1,1,0,0,224089.88693544752
1,0,0,1,1,0,263093.43684481515
0,0,0,1,0,0,256151.47773787507
1,1,1,1,1,0,265490.29686063033
1,0,1,1,1,1,255998.3616104857
1,0,0,1,0,0,258219.4477977109
1,1,0,1,1,0,253573.03423210606
1,1,1,1,1,1,250808.98437911485
1,1,1,0,1,0,256728.00668930495
0,0,0,1,1,1,257191.458980277
0,1,1,0,0,0,260901.50863688355
0,0,1,0,1,1,251264.425404743
1,1,1,1,0,0,260868.63516399637
0,0,0,0,1,1,261897.1357095959
1,1,1,1,0,1,256347.2212858428
1,1,0,0,0,0,215174.3536270004
1,1,0,0,0,1,263594.4904533983
0,0,1,0,0,0,250901.11134138258
1,1,0,1,0,0,258473.738421992
1,0,0,0,1,1,256836.4732448309
1,0,0,0,0,0,258057.98975922674
0,1,1,1,0,1,263286.4200813818
0,1,0,0,0,0,253336.63346521195
0,1,1,0,1,1,260187.8504242493
1,0,1,0,0,0,222288.85948254264
0,1,1,0,0,1,258855.77979656524
0,1,0,0,0,1,254491.1970222494
0,1,0,1,1,1,268642.80312646495
0,0,1,1,1,1,256909.25322902817
