--jitless,--experimental-wasm-modules,--experimental-vm-modules,--preserve-symlinks-main,--no-warnings,--node-memory-debug,ops
0,0,1,1,0,0,3265099.6082304935
1,0,1,1,1,0,299892.7001912278
0,0,0,0,0,0,3271922.8318308885
1,0,1,0,1,0,284664.71146986913
0,0,0,1,0,1,3433844.243572187
1,0,0,1,0,1,287625.1298386575
1,1,0,0,1,0,303399.0588433767
0,1,1,1,1,1,3233434.854565274
0,0,1,1,1,0,3401583.0355162346
0,1,1,1,1,0,3315229.9675571593
1,0,1,0,0,1,290138.07061490614
1,0,0,0,0,1,304252.19089264394
0,0,1,0,0,1,3190969.8107132665
0,0,1,1,0,1,3216041.512149272
1,1,0,1,1,1,302238.07018961146
0,1,0,1,1,0,3194390.0377707873
1,0,1,1,0,1,302250.7507168134
0,1,0,0,1,1,3463769.782065494
1,0,0,0,1,0,293498.45854022575
1,0,0,1,1,1,301077.4236250878
1,1,1,0,0,0,303160.90107180714
1,0,1,1,0,0,289910.93535988656
1,0,0,1,1,0,290243.1292100909
0,0,0,1,0,0,3389408.268630942
1,1,1,1,1,0,299728.27743362496
1,0,1,1,1,1,304524.6989309712
1,0,0,1,0,0,304711.7699830063
1,1,0,1,1,0,304205.82439528964
1,1,1,1,1,1,297099.2044755832
1,1,1,0,1,0,291458.0715821257
0,0,0,1,1,1,3276397.9464455065
0,1,1,0,0,0,3199017.4665713874
0,0,1,0,1,1,3227157.277188026
1,1,1,1,0,0,302974.43362663797
0,0,0,0,1,1,3316401.7757076356
1,1,1,1,0,1,303543.8117760034
1,1,0,0,0,0,292722.81852381025
1,1,0,0,0,1,303275.02759726933
0,0,1,0,0,0,3230640.7407316472
1,1,0,1,0,0,305022.3513211023
1,0,0,0,1,1,304447.6804256052
1,0,0,0,0,0,302035.1174539667
0,1,1,1,0,1,3249641.4183176956
0,1,0,0,0,0,3343028.2266248195
0,1,1,0,1,1,3525230.42668684
1,0,1,0,0,0,283347.9723174244
0,1,1,0,0,1,3226674.531148057
0,1,0,0,0,1,3344539.547541325
0,1,0,1,1,1,3404550.8631387576
0,0,1,1,1,1,3390282.6227741693
