--jitless,--experimental-wasm-modules,--experimental-vm-modules,--preserve-symlinks-main,--no-warnings,--node-memory-debug,ops
0,0,1,1,0,0,249.8040716720736
1,0,1,1,1,0,255.63614402056078
0,0,0,0,0,0,250.08680312867156
1,0,1,0,1,0,269.10672725870864
0,0,0,1,0,1,242.7128203773793
1,0,0,1,0,1,266.57422583379355
1,1,0,0,1,0,254.8269016103833
0,1,1,1,1,1,247.69074745704233
0,0,1,1,1,0,252.9994255820082
0,1,1,1,1,0,254.56445575481789
1,0,1,0,0,1,254.67084046503368
1,0,0,0,0,1,256.7190385964834
0,0,1,0,0,1,257.54468288988835
0,0,1,1,0,1,248.65606469615446
1,1,0,1,1,1,257.85528164003847
0,1,0,1,1,0,249.08873675452207
1,0,1,1,0,1,265.3522269326889
0,1,0,0,1,1,257.4150389205155
1,0,0,0,1,0,259.58801952528876
1,0,0,1,1,1,267.1855338484528
1,1,1,0,0,0,251.8544131104914
1,0,1,1,0,0,261.0445724042707
1,0,0,1,1,0,254.63781217994827
0,0,0,1,0,0,268.540904008709
1,1,1,1,1,0,259.304053477474
1,0,1,1,1,1,257.4909970950772
1,0,0,1,0,0,257.35094034860083
1,1,0,1,1,0,253.27148856921542
1,1,1,1,1,1,255.67672068530786
1,1,1,0,1,0,259.75178975113283
0,0,0,1,1,1,249.49207405595394
0,1,1,0,0,0,256.977637731955
0,0,1,0,1,1,246.9110070074608
1,1,1,1,0,0,253.34105679012706
0,0,0,0,1,1,248.9971946741022
1,1,1,1,0,1,246.8408098696103
1,1,0,0,0,0,269.282452570463
1,1,0,0,0,1,266.9873898609202
0,0,1,0,0,0,248.31390389604314
1,1,0,1,0,0,267.7351363379924
1,0,0,0,1,1,255.4842400254405
1,0,0,0,0,0,250.97554898622482
0,1,1,1,0,1,250.50356025279166
0,1,0,0,0,0,254.96373183748517
0,1,1,0,1,1,254.77217636078467
1,0,1,0,0,0,248.19319917753617
0,1,1,0,0,1,254.83248525422016
0,1,0,0,0,1,258.82002962905443
0,1,0,1,1,1,253.4233346505535
0,0,1,1,1,1,249.54042140589678
