--jitless,--experimental-wasm-modules,--experimental-vm-modules,--preserve-symlinks-main,--no-warnings,--node-memory-debug,ops
0,0,1,1,0,0,596082.6343395158
1,0,1,1,1,0,688552.0645200827
0,0,0,0,0,0,698188.6020361623
1,0,1,0,1,0,695747.4005572589
0,0,0,1,0,1,698626.9883797374
1,0,0,1,0,1,698192.6236647503
1,1,0,0,1,0,692396.2258174126
0,1,1,1,1,1,700457.3110669629
0,0,1,1,1,0,592492.3516643555
0,1,1,1,1,0,598155.169825225
1,0,1,0,0,1,701859.9112182305
1,0,0,0,0,1,699229.5539160176
0,0,1,0,0,1,698801.1542098664
0,0,1,1,0,1,694701.942473469
1,1,0,1,1,1,697235.5655678583
0,1,0,1,1,0,704293.1775295966
1,0,1,1,0,1,702105.4386842544
0,1,0,0,1,1,696851.8498193673
1,0,0,0,1,0,697111.1365943961
1,0,0,1,1,1,697023.4311396612
1,1,1,0,0,0,600674.557528104
1,0,1,1,0,0,596487.9683157521
1,0,0,1,1,0,694501.8373046105
0,0,0,1,0,0,690425.8304873405
1,1,1,1,1,0,599158.6614076514
1,0,1,1,1,1,693124.2593317486
1,0,0,1,0,0,699332.9762072936
1,1,0,1,1,0,695218.4784900271
1,1,1,1,1,1,698040.8088617676
1,1,1,0,1,0,600224.063642958
0,0,0,1,1,1,693041.6367287118
0,1,1,0,0,0,697762.8154171392
0,0,1,0,1,1,597108.5912133381
1,1,1,1,0,0,698331.5811030078
0,0,0,0,1,1,595932.0190549263
1,1,1,1,0,1,598973.3895589653
1,1,0,0,0,0,690847.8378276152
1,1,0,0,0,1,703205.456593061
0,0,1,0,0,0,695229.3535566283
1,1,0,1,0,0,691743.6418815496
1,0,0,0,1,1,700720.1476137063
1,0,0,0,0,0,596948.7264322777
0,1,1,1,0,1,691636.3528216862
0,1,0,0,0,0,593827.9306373347
0,1,1,0,1,1,700050.9287050633
1,0,1,0,0,0,600605.1998296083
0,1,1,0,0,1,697409.7678165965
0,1,0,0,0,1,699600.3532981784
0,1,0,1,1,1,693800.751524974
0,0,1,1,1,1,598697.0854677508
