--jitless,--experimental-wasm-modules,--experimental-vm-modules,--preserve-symlinks-main,--no-warnings,--node-memory-debug,ops
0,0,1,1,0,0,1252140.4088148281
1,0,1,1,1,0,1289866.9767442385
0,0,0,0,0,0,1283801.8940648271
1,0,1,0,1,0,1285031.3707078658
0,0,0,1,0,1,1292237.5036324593
1,0,0,1,0,1,1284551.146213498
1,1,0,0,1,0,1289556.575719464
0,1,1,1,1,1,1291991.8194889366
0,0,1,1,1,0,1291726.9649523327
0,1,1,1,1,0,1247008.854417546
1,0,1,0,0,1,1280083.4552968848
1,0,0,0,0,1,1276566.6464305853
0,0,1,0,0,1,1291704.2416702944
0,0,1,1,0,1,1291486.0700304415
1,1,0,1,1,1,1272375.2131568445
0,1,0,1,1,0,1281519.6526597326
1,0,1,1,0,1,1292375.1955494927
0,1,0,0,1,1,1280028.3981980311
1,0,0,0,1,0,1290722.9837328277
1,0,0,1,1,1,1292053.3006290526
1,1,1,0,0,0,1291443.1262693424
1,0,1,1,0,0,1281554.8438511929
1,0,0,1,1,0,1284089.8467072
0,0,0,1,0,0,1282855.6510472144
1,1,1,1,1,0,1280144.2896714082
1,0,1,1,1,1,1261652.0028429057
1,0,0,1,0,0,1284338.8232808392
1,1,0,1,1,0,1289067.4655533377
1,1,1,1,1,1,1291520.937094529
1,1,1,0,1,0,1281016.9881139142
0,0,0,1,1,1,1292109.4742659319
0,1,1,0,0,0,1265908.656281651
0,0,1,0,1,1,1284177.8187798632
1,1,1,1,0,0,1291232.4559257613
0,0,0,0,1,1,1265627.335502662
1,1,1,1,0,1,1290394.0559881786
1,1,0,0,0,0,1292049.7886347056
1,1,0,0,0,1,1292483.3939915986
0,0,1,0,0,0,1291256.0254606248
1,1,0,1,0,0,1292069.9426919173
1,0,0,0,1,1,1289331.1806273141
1,0,0,0,0,0,1274130.247078987
0,1,1,1,0,1,1285304.6146069863
0,1,0,0,0,0,1272705.204019035
0,1,1,0,1,1,1290485.2359020077
1,0,1,0,0,0,1292111.4818991907
0,1,1,0,0,1,1290981.1621916872
0,1,0,0,0,1,1290607.7903954606
0,1,0,1,1,1,1291530.3177257408
0,0,1,1,1,1,1290287.1164794324
