--jitless,--experimental-wasm-modules,--experimental-vm-modules,--preserve-symlinks-main,--no-warnings,--node-memory-debug,ops
0,0,1,1,0,0,1297299.2700906552
1,0,1,1,1,0,1298283.447471223
0,0,0,0,0,0,1295488.2478015588
1,0,1,0,1,0,1297658.6779771848
0,0,0,1,0,1,1295239.9355581703
1,0,0,1,0,1,1290753.9569282085
1,1,0,0,1,0,1298188.5176943429
0,1,1,1,1,1,1295579.9722594123
0,0,1,1,1,0,1295080.3965310927
0,1,1,1,1,0,1298156.4403090489
1,0,1,0,0,1,1290449.2474423547
1,0,0,0,0,1,1297418.9826510395
0,0,1,0,0,1,1293871.6047525802
0,0,1,1,0,1,1297128.9583879719
1,1,0,1,1,1,1294467.8955085794
0,1,0,1,1,0,1295247.1569327277
1,0,1,1,0,1,1296163.3489556732
0,1,0,0,1,1,1296965.6797958233
1,0,0,0,1,0,1296428.34895085
1,0,0,1,1,1,1298463.6540638204
1,1,1,0,0,0,1297912.2167814178
1,0,1,1,0,0,1297551.6864698692
1,0,0,1,1,0,1298276.8139837913
0,0,0,1,0,0,1296123.1178540061
1,1,1,1,1,0,1292772.6997149573
1,0,1,1,1,1,1297078.923132917
1,0,0,1,0,0,1295322.9835648136
1,1,0,1,1,0,1296963.2087761448
1,1,1,1,1,1,1298228.9001609571
1,1,1,0,1,0,1297908.041957879
0,0,0,1,1,1,1296923.2236725895
0,1,1,0,0,0,1290684.8782975227
0,0,1,0,1,1,1296093.5355112634
1,1,1,1,0,0,1292449.611352829
0,0,0,0,1,1,1289306.8818722146
1,1,1,1,0,1,1294263.4509889474
1,1,0,0,0,0,1296808.6304519044
1,1,0,0,0,1,1296119.5348772523
0,0,1,0,0,0,1297044.660055798
1,1,0,1,0,0,1297966.495222003
1,0,0,0,1,1,1293368.9162909752
1,0,0,0,0,0,1296874.7083733738
0,1,1,1,0,1,1295642.5856710533
0,1,0,0,0,0,1297183.0390542129
0,1,1,0,1,1,1297017.8526648048
1,0,1,0,0,0,1292828.7326458925
0,1,1,0,0,1,1297179.3927017343
0,1,0,0,0,1,1297286.6580949232
0,1,0,1,1,1,1296368.1976553956
0,0,1,1,1,1,1296012.8212067753
