--jitless,--experimental-wasm-modules,--experimental-vm-modules,--preserve-symlinks-main,--no-warnings,--node-memory-debug,ops
0,0,1,1,0,0,1234035.5596231562
1,0,1,1,1,0,1280079.0986476636
0,0,0,0,0,0,1279130.5759708171
1,0,1,0,1,0,1257118.1249600432
0,0,0,1,0,1,1280745.5783539652
1,0,0,1,0,1,1219685.0631683432
1,1,0,0,1,0,1272302.7232364307
0,1,1,1,1,1,1273120.517086046
0,0,1,1,1,0,1283229.3853369742
0,1,1,1,1,0,1265227.759405757
1,0,1,0,0,1,1273204.0523423988
1,0,0,0,0,1,1246279.1207409825
0,0,1,0,0,1,1278109.5961532507
0,0,1,1,0,1,1232289.5955472742
1,1,0,1,1,1,1279464.6760738178
0,1,0,1,1,0,1240336.6495687189
1,0,1,1,0,1,1276779.8549776624
0,1,0,0,1,1,1198033.83000741
1,0,0,0,1,0,1278820.0889719895
1,0,0,1,1,1,1216110.3821559686
1,1,1,0,0,0,1236412.3384208444
1,0,1,1,0,0,1274279.8048495273
1,0,0,1,1,0,1280199.9487971228
0,0,0,1,0,0,1275127.816182343
1,1,1,1,1,0,1214604.6774990922
1,0,1,1,1,1,1236902.547157126
1,0,0,1,0,0,1279710.3718535688
1,1,0,1,1,0,1274483.578298211
1,1,1,1,1,1,1283098.220286633
1,1,1,0,1,0,1249731.678703171
0,0,0,1,1,1,1272011.2078942745
0,1,1,0,0,0,1231968.2998294472
0,0,1,0,1,1,1250334.675519678
1,1,1,1,0,0,1227611.5645256916
0,0,0,0,1,1,1206859.9791849842
1,1,1,1,0,1,1281341.6774944041
1,1,0,0,0,0,1280399.185444609
1,1,0,0,0,1,1281951.2446571998
0,0,1,0,0,0,1280430.8434675888
1,1,0,1,0,0,1271690.3560643343
1,0,0,0,1,1,1278905.5433297514
1,0,0,0,0,0,1236246.770135329
0,1,1,1,0,1,1279449.775183082
0,1,0,0,0,0,1218778.828404061
0,1,1,0,1,1,1279021.1334068796
1,0,1,0,0,0,1279057.7662361858
0,1,1,0,0,1,1275640.4935108647
0,1,0,0,0,1,1231946.4370878632
0,1,0,1,1,1,1280572.8770822915
0,0,1,1,1,1,1279944.2190069803
