--jitless,--experimental-wasm-modules,--experimental-vm-modules,--preserve-symlinks-main,--no-warnings,--node-memory-debug,ops
0,0,1,1,0,0,1290640.1155837919
1,0,1,1,1,0,1283516.550579048
0,0,0,0,0,0,1250911.622693565
1,0,1,0,1,0,1282338.6766170391
0,0,0,1,0,1,1290427.4271798413
1,0,0,1,0,1,1289725.8868833915
1,1,0,0,1,0,1290431.988464364
0,1,1,1,1,1,1280612.7735536422
0,0,1,1,1,0,1292338.684577562
0,1,1,1,1,0,1293059.7517739057
1,0,1,0,0,1,1265736.053851981
1,0,0,0,0,1,1291289.995671144
0,0,1,0,0,1,1289253.3099934936
0,0,1,1,0,1,1286821.322472321
1,1,0,1,1,1,1292191.4799615361
0,1,0,1,1,0,1291236.8790991432
1,0,1,1,0,1,1292617.507667387
0,1,0,0,1,1,1277933.5085892058
1,0,0,0,1,0,1293027.542821713
1,0,0,1,1,1,1292031.7427521388
1,1,1,0,0,0,1290411.4802833784
1,0,1,1,0,0,1283278.4678140173
1,0,0,1,1,0,1292362.137933964
0,0,0,1,0,0,1291645.368555759
1,1,1,1,1,0,1289627.7638733992
1,0,1,1,1,1,1292501.6369506305
1,0,0,1,0,0,1292635.0435812012
1,1,0,1,1,0,1281632.8946359472
1,1,1,1,1,1,1276231.9344025464
1,1,1,0,1,0,1285834.4405135794
0,0,0,1,1,1,1292982.9807171565
0,1,1,0,0,0,1288319.4129633456
0,0,1,0,1,1,1266254.7245995058
1,1,1,1,0,0,1289273.545895598
0,0,0,0,1,1,1283051.5344972918
1,1,1,1,0,1,1292595.452691422
1,1,0,0,0,0,1286687.0463955707
1,1,0,0,0,1,1289926.2501113059
0,0,1,0,0,0,1288729.0090248373
1,1,0,1,0,0,1292666.6481362903
1,0,0,0,1,1,1268889.8038994253
1,0,0,0,0,0,1288162.49558434
0,1,1,1,0,1,1292128.9880855929
0,1,0,0,0,0,1291947.4156773726
0,1,1,0,1,1,1291266.1963276893
1,0,1,0,0,0,1282432.5111475044
0,1,1,0,0,1,1277949.2588074277
0,1,0,0,0,1,1283967.8482381504
0,1,0,1,1,1,1282094.896563677
0,0,1,1,1,1,1263718.7876742543
