--jitless,--experimental-wasm-modules,--experimental-vm-modules,--preserve-symlinks-main,--no-warnings,--node-memory-debug,ops
0,0,1,1,0,0,1297867.3574446538
1,0,1,1,1,0,1290165.2255198767
0,0,0,0,0,0,1295094.0561346852
1,0,1,0,1,0,1297851.3984546855
0,0,0,1,0,1,1296539.0939103812
1,0,0,1,0,1,1295200.61035924
1,1,0,0,1,0,1295653.1443711116
0,1,1,1,1,1,1295584.9279503967
0,0,1,1,1,0,1289344.0260429764
0,1,1,1,1,0,1298165.140429293
1,0,1,0,0,1,1296604.1991105648
1,0,0,0,0,1,1296937.242489208
0,0,1,0,0,1,1296070.5071772668
0,0,1,1,0,1,1288708.4728769136
1,1,0,1,1,1,1295707.3627257147
0,1,0,1,1,0,1297997.0676332202
1,0,1,1,0,1,1295734.4430675434
0,1,0,0,1,1,1298006.0987970054
1,0,0,0,1,0,1293835.8377140635
1,0,0,1,1,1,1296585.5721557287
1,1,1,0,0,0,1296873.1812934752
1,0,1,1,0,0,1284335.7767065808
1,0,0,1,1,0,1295828.02873375
0,0,0,1,0,0,1297536.2893173837
1,1,1,1,1,0,1296006.084601754
1,0,1,1,1,1,1292631.1635460996
1,0,0,1,0,0,1296948.237891825
1,1,0,1,1,0,1294409.7597914415
1,1,1,1,1,1,1295014.76664142
1,1,1,0,1,0,1295010.84340623
0,0,0,1,1,1,1297649.1328303167
0,1,1,0,0,0,1297810.853602688
0,0,1,0,1,1,1296244.549248552
1,1,1,1,0,0,1291859.1625523798
0,0,0,0,1,1,1297473.313140628
1,1,1,1,0,1,1296471.3787819536
1,1,0,0,0,0,1287740.4845097857
1,1,0,0,0,1,1296452.8569993014
0,0,1,0,0,0,1298071.0745595312
1,1,0,1,0,0,1294819.4006447652
1,0,0,0,1,1,1293731.7827479085
1,0,0,0,0,0,1296200.5044864262
0,1,1,1,0,1,1297855.909306255
0,1,0,0,0,0,1297979.8307826738
0,1,1,0,1,1,1297819.4068110702
1,0,1,0,0,0,1295971.3889965792
0,1,1,0,0,1,1296697.1608810597
0,1,0,0,0,1,1297479.1201200718
0,1,0,1,1,1,1295841.1170471858
0,0,1,1,1,1,1295335.8970016749
