--jitless,--experimental-wasm-modules,--experimental-vm-modules,--preserve-symlinks-main,--no-warnings,--node-memory-debug,ops
0,0,1,1,0,0,1280980.3004060208
1,0,1,1,1,0,1234762.1018740349
0,0,0,0,0,0,1284173.9227629998
1,0,1,0,1,0,1232159.8046208555
0,0,0,1,0,1,1244538.6493826634
1,0,0,1,0,1,1252240.159814646
1,1,0,0,1,0,1228408.1132044164
0,1,1,1,1,1,1277841.0415580103
0,0,1,1,1,0,1278584.6824487424
0,1,1,1,1,0,1249782.6510802647
1,0,1,0,0,1,1275476.2022287927
1,0,0,0,0,1,1229044.2614757377
0,0,1,0,0,1,1284228.5145045922
0,0,1,1,0,1,1196325.7963611837
1,1,0,1,1,1,1220613.370730079
0,1,0,1,1,0,1238912.9755252309
1,0,1,1,0,1,1228636.861558206
0,1,0,0,1,1,1286386.2925352352
1,0,0,0,1,0,1279207.1821829183
1,0,0,1,1,1,1239753.6453297772
1,1,1,0,0,0,1279719.8375904993
1,0,1,1,0,0,1283054.787164338
1,0,0,1,1,0,1276397.43461347
0,0,0,1,0,0,1242511.2681017197
1,1,1,1,1,0,1269077.1645237347
1,0,1,1,1,1,1228695.642416467
1,0,0,1,0,0,1227597.1461840451
1,1,0,1,1,0,1276392.518550339
1,1,1,1,1,1,1216053.9859870754
1,1,1,0,1,0,1281113.531582962
0,0,0,1,1,1,1251133.9496160601
0,1,1,0,0,0,1211925.078573496
0,0,1,0,1,1,1245566.4296480385
1,1,1,1,0,0,1283447.356026413
0,0,0,0,1,1,1209670.719827687
1,1,1,1,0,1,1282944.2894047254
1,1,0,0,0,0,1237966.6661195885
1,1,0,0,0,1,1226117.9128537797
0,0,1,0,0,0,1283163.764471557
1,1,0,1,0,0,1234605.4004683518
1,0,0,0,1,1,1285637.5019327952
1,0,0,0,0,0,1273006.6189851854
0,1,1,1,0,1,1246744.4152691707
0,1,0,0,0,0,1176409.5913979802
0,1,1,0,1,1,1284011.5932507946
1,0,1,0,0,0,1281649.2960358607
0,1,1,0,0,1,1207940.7123371332
0,1,0,0,0,1,1277714.155066188
0,1,0,1,1,1,1236709.8445152114
0,0,1,1,1,1,1285135.7520220045
