--jitless,--experimental-wasm-modules,--experimental-vm-modules,--preserve-symlinks-main,--no-warnings,--node-memory-debug,ops
0,0,1,1,0,0,1264377.1749052268
1,0,1,1,1,0,1288106.6590699288
0,0,0,0,0,0,1292125.4958539666
1,0,1,0,1,0,1293372.779219928
0,0,0,1,0,1,1269424.1102125354
1,0,0,1,0,1,1292980.7265706935
1,1,0,0,1,0,1289742.222994386
0,1,1,1,1,1,1289905.9008163253
0,0,1,1,1,0,1293528.5508225383
0,1,1,1,1,0,1287060.0136006207
1,0,1,0,0,1,1294370.4905325358
1,0,0,0,0,1,1289559.6106216023
0,0,1,0,0,1,1293665.636607324
0,0,1,1,0,1,1258815.3197761476
1,1,0,1,1,1,1267709.2203765456
0,1,0,1,1,0,1294000.0927323601
1,0,1,1,0,1,1293074.3373824821
0,1,0,0,1,1,1276884.521624131
1,0,0,0,1,0,1293095.8792060174
1,0,0,1,1,1,1291655.6081212985
1,1,1,0,0,0,1270307.9850276927
1,0,1,1,0,0,1270686.4632445322
1,0,0,1,1,0,1285921.4701667554
0,0,0,1,0,0,1268589.5612469357
1,1,1,1,1,0,1293793.116686605
1,0,1,1,1,1,1266352.7841740525
1,0,0,1,0,0,1292420.6212379008
1,1,0,1,1,0,1294882.5974298639
1,1,1,1,1,1,1291036.36827717
1,1,1,0,1,0,1293038.4716992988
0,0,0,1,1,1,1294065.5358009117
0,1,1,0,0,0,1293966.7374269143
0,0,1,0,1,1,1291113.0847615644
1,1,1,1,0,0,1293656.2395756573
0,0,0,0,1,1,1293404.9314878557
1,1,1,1,0,1,1292249.1267820364
1,1,0,0,0,0,1290534.9000019785
1,1,0,0,0,1,1294929.6800685115
0,0,1,0,0,0,1293365.7576248674
1,1,0,1,0,0,1294471.1114063272
1,0,0,0,1,1,1291691.8462257907
1,0,0,0,0,0,1294097.3471119774
0,1,1,1,0,1,1294087.1650893926
0,1,0,0,0,0,1293957.8452946674
0,1,1,0,1,1,1293765.6234530234
1,0,1,0,0,0,1293445.3122833732
0,1,1,0,0,1,1266084.553133616
0,1,0,0,0,1,1288061.6584811423
0,1,0,1,1,1,1294172.3007163606
0,0,1,1,1,1,1291538.359864588
