--jitless,--experimental-wasm-modules,--experimental-vm-modules,--preserve-symlinks-main,--no-warnings,--node-memory-debug,ops
0,0,1,1,0,0,1289014.987745148
1,0,1,1,1,0,1298026.073433258
0,0,0,0,0,0,1297855.4914888013
1,0,1,0,1,0,1295560.4359040237
0,0,0,1,0,1,1296912.930888837
1,0,0,1,0,1,1297554.9789487892
1,1,0,0,1,0,1295684.47516967
0,1,1,1,1,1,1289387.3199132625
0,0,1,1,1,0,1297231.5950917476
0,1,1,1,1,0,1290515.0012940515
1,0,1,0,0,1,1294453.7402087634
1,0,0,0,0,1,1298670.7972810634
0,0,1,0,0,1,1293842.2603742697
0,0,1,1,0,1,1297316.112078931
1,1,0,1,1,1,1293687.057055417
0,1,0,1,1,0,1297929.0870270533
1,0,1,1,0,1,1293745.4106485946
0,1,0,0,1,1,1281015.2009438928
1,0,0,0,1,0,1292200.9826766993
1,0,0,1,1,1,1298727.9298876983
1,1,1,0,0,0,1296850.2139364341
1,0,1,1,0,0,1298479.1106919458
1,0,0,1,1,0,1298796.9797214419
0,0,0,1,0,0,1291958.370716724
1,1,1,1,1,0,1295876.2337007106
1,0,1,1,1,1,1296836.3772509927
1,0,0,1,0,0,1296648.562748214
1,1,0,1,1,0,1298157.6676007018
1,1,1,1,1,1,1290434.1797865764
1,1,1,0,1,0,1294264.492621925
0,0,0,1,1,1,1296932.4981999528
0,1,1,0,0,0,1297627.94144534
0,0,1,0,1,1,1299001.0971427963
1,1,1,1,0,0,1294232.2996991097
0,0,0,0,1,1,1293680.9031578784
1,1,1,1,0,1,1297493.9853036525
1,1,0,0,0,0,1297430.3902051547
1,1,0,0,0,1,1293119.395358586
0,0,1,0,0,0,1298387.3778029303
1,1,0,1,0,0,1298092.9345271878
1,0,0,0,1,1,1297531.2290820407
1,0,0,0,0,0,1298773.6040112814
0,1,1,1,0,1,1292018.776546761
0,1,0,0,0,0,1297845.4746426304
0,1,1,0,1,1,1291047.8812097088
1,0,1,0,0,0,1293951.2656866598
0,1,1,0,0,1,1290947.110063627
0,1,0,0,0,1,1297043.1592726219
0,1,0,1,1,1,1298008.8600810864
0,0,1,1,1,1,1294700.1190170785
