--jitless,--experimental-wasm-modules,--experimental-vm-modules,--preserve-symlinks-main,--no-warnings,--node-memory-debug,ops
0,0,1,1,0,0,1256076.3991135906
1,0,1,1,1,0,1238055.7794888946
0,0,0,0,0,0,1223626.9279209678
1,0,1,0,1,0,1282409.3126461133
0,0,0,1,0,1,1229974.6520058853
1,0,0,1,0,1,1263149.2375108574
1,1,0,0,1,0,1278367.6983072686
0,1,1,1,1,1,1275158.4051183225
0,0,1,1,1,0,1279663.7043784894
0,1,1,1,1,0,1207140.0256234785
1,0,1,0,0,1,1258808.0094567447
1,0,0,0,0,1,1280443.156254607
0,0,1,0,0,1,1250138.7107033196
0,0,1,1,0,1,1223833.8958787823
1,1,0,1,1,1,1229760.31270542
0,1,0,1,1,0,1282057.721104003
1,0,1,1,0,1,1280674.8521255974
0,1,0,0,1,1,1273925.14627949
1,0,0,0,1,0,1205262.221865893
1,0,0,1,1,1,1270200.885890176
1,1,1,0,0,0,1271754.6954335882
1,0,1,1,0,0,1228671.3066476104
1,0,0,1,1,0,1256484.875503081
0,0,0,1,0,0,1278026.1428107372
1,1,1,1,1,0,1280573.9675947044
1,0,1,1,1,1,1270248.1807402347
1,0,0,1,0,0,1264563.3477460782
1,1,0,1,1,0,1282960.275854934
1,1,1,1,1,1,1275722.5004149526
1,1,1,0,1,0,1280384.9841084057
0,0,0,1,1,1,1281491.1471996533
0,1,1,0,0,0,1262385.46897374
0,0,1,0,1,1,1201051.0914553294
1,1,1,1,0,0,1278530.2139399447
0,0,0,0,1,1,1279786.8591773252
1,1,1,1,0,1,1277293.8945000586
1,1,0,0,0,0,1281008.9595495993
1,1,0,0,0,1,1277942.3288268934
0,0,1,0,0,0,1278025.8937247854
1,1,0,1,0,0,1280392.7589423342
1,0,0,0,1,1,1277332.0192396985
1,0,0,0,0,0,1259253.5103005944
0,1,1,1,0,1,1208372.175198184
0,1,0,0,0,0,1275246.04597211
0,1,1,0,1,1,1262383.3693867393
1,0,1,0,0,0,1279365.8684901313
0,1,1,0,0,1,1280672.9208776993
0,1,0,0,0,1,1245673.7478246917
0,1,0,1,1,1,1243544.5619888015
0,0,1,1,1,1,1213475.977151303
