--jitless,--experimental-wasm-modules,--experimental-vm-modules,--preserve-symlinks-main,--no-warnings,--node-memory-debug,ops
0,0,1,1,0,0,1246019.0935978643
1,0,1,1,1,0,1282713.8592616327
0,0,0,0,0,0,1289753.5808899791
1,0,1,0,1,0,1289791.105577642
0,0,0,1,0,1,1256728.3113058289
1,0,0,1,0,1,1254752.008570157
1,1,0,0,1,0,1280397.0582980018
0,1,1,1,1,1,1290089.1618999944
0,0,1,1,1,0,1279940.569799463
0,1,1,1,1,0,1289124.2003923135
1,0,1,0,0,1,1289099.8922684717
1,0,0,0,0,1,1283875.119245318
0,0,1,0,0,1,1287707.4026813721
0,0,1,1,0,1,1248838.4378072051
1,1,0,1,1,1,1289566.3207162144
0,1,0,1,1,0,1287704.3267456114
1,0,1,1,0,1,1265321.3471698605
0,1,0,0,1,1,1290264.1608136736
1,0,0,0,1,0,1290150.1021427156
1,0,0,1,1,1,1289141.2531859432
1,1,1,0,0,0,1253468.2408610797
1,0,1,1,0,0,1246813.1067362726
1,0,0,1,1,0,1290051.9048675024
0,0,0,1,0,0,1289159.249576211
1,1,1,1,1,0,1269410.222458334
1,0,1,1,1,1,1270891.6638187044
1,0,0,1,0,0,1277788.3181116374
1,1,0,1,1,0,1286400.358401431
1,1,1,1,1,1,1288306.8334361396
1,1,1,0,1,0,1289337.077929222
0,0,0,1,1,1,1290419.220556853
0,1,1,0,0,0,1288794.978193613
0,0,1,0,1,1,1251683.007104088
1,1,1,1,0,0,1288310.2130793752
0,0,0,0,1,1,1245324.7938755525
1,1,1,1,0,1,1278893.6158324496
1,1,0,0,0,0,1285382.315302961
1,1,0,0,0,1,1290541.3044995735
0,0,1,0,0,0,1276883.8721682187
1,1,0,1,0,0,1289510.0229423176
1,0,0,0,1,1,1291064.1199813646
1,0,0,0,0,0,1287954.7112234642
0,1,1,1,0,1,1289392.92418749
0,1,0,0,0,0,1289537.175549001
0,1,1,0,1,1,1281161.5092236958
1,0,1,0,0,0,1288224.9929780466
0,1,1,0,0,1,1288200.8950712883
0,1,0,0,0,1,1287541.5697683
0,1,0,1,1,1,1285036.7766923935
0,0,1,1,1,1,1239098.5100492493
