--jitless,--experimental-wasm-modules,--experimental-vm-modules,--preserve-symlinks-main,--no-warnings,--node-memory-debug,ops
0,0,1,1,0,0,1291136.4742055745
1,0,1,1,1,0,1291880.3521997423
0,0,0,0,0,0,1292612.4978915066
1,0,1,0,1,0,1269734.2023598782
0,0,0,1,0,1,1266218.1280287753
1,0,0,1,0,1,1287020.963624878
1,1,0,0,1,0,1291817.304944339
0,1,1,1,1,1,1291053.9835502938
0,0,1,1,1,0,1292906.466730921
0,1,1,1,1,0,1291693.0461333499
1,0,1,0,0,1,1291194.9813936758
1,0,0,0,0,1,1292046.5847999104
0,0,1,0,0,1,1266920.5246702614
0,0,1,1,0,1,1264810.0908623338
1,1,0,1,1,1,1279592.783757396
0,1,0,1,1,0,1262465.6436281935
1,0,1,1,0,1,1283375.3414879972
0,1,0,0,1,1,1289564.800475939
1,0,0,0,1,0,1274425.0327917526
1,0,0,1,1,1,1282858.6771194676
1,1,1,0,0,0,1279244.3929785474
1,0,1,1,0,0,1287123.71008055
1,0,0,1,1,0,1278785.4893384408
0,0,0,1,0,0,1286309.9878139494
1,1,1,1,1,0,1293417.2538807048
1,0,1,1,1,1,1269746.1074091946
1,0,0,1,0,0,1282349.0774838442
1,1,0,1,1,0,1286020.3930147982
1,1,1,1,1,1,1288059.0177478755
1,1,1,0,1,0,1264260.6320997842
0,0,0,1,1,1,1275826.8526981839
0,1,1,0,0,0,1272264.0901421753
0,0,1,0,1,1,1290792.2749709468
1,1,1,1,0,0,1270101.6810065645
0,0,0,0,1,1,1290881.8836761874
1,1,1,1,0,1,1268939.8659866261
1,1,0,0,0,0,1281911.8481160847
1,1,0,0,0,1,1292585.2511272596
0,0,1,0,0,0,1283071.5912729255
1,1,0,1,0,0,1292481.8216228455
1,0,0,0,1,1,1266742.6577845865
1,0,0,0,0,0,1291280.1662469842
0,1,1,1,0,1,1293063.728367844
0,1,0,0,0,0,1291966.9600724352
0,1,1,0,1,1,1265520.6631108075
1,0,1,0,0,0,1267852.0917495028
0,1,1,0,0,1,1292369.5717580924
0,1,0,0,0,1,1291721.0214350717
0,1,0,1,1,1,1291392.0434944972
0,0,1,1,1,1,1289326.88894375
