--jitless,--experimental-wasm-modules,--experimental-vm-modules,--preserve-symlinks-main,--no-warnings,--node-memory-debug,ops
0,0,1,1,0,0,1297572.2706975972
1,0,1,1,1,0,1298240.1462594306
0,0,0,0,0,0,1298135.4339449913
1,0,1,0,1,0,1297966.6284857655
0,0,0,1,0,1,1293841.366551941
1,0,0,1,0,1,1283900.1552588549
1,1,0,0,1,0,1295629.4099760668
0,1,1,1,1,1,1296237.4180707894
0,0,1,1,1,0,1295344.1927221338
0,1,1,1,1,0,1297732.7380086205
1,0,1,0,0,1,1296620.6281981012
1,0,0,0,0,1,1292092.7949903908
0,0,1,0,0,1,1297927.8700383683
0,0,1,1,0,1,1293373.6970297685
1,1,0,1,1,1,1288718.7465375024
0,1,0,1,1,0,1296736.9895926667
1,0,1,1,0,1,1298231.640173363
0,1,0,0,1,1,1287678.3058225778
1,0,0,0,1,0,1297448.67895741
1,0,0,1,1,1,1297073.2955326866
1,1,1,0,0,0,1296458.7504602056
1,0,1,1,0,0,1297971.6851254192
1,0,0,1,1,0,1298509.9929432892
0,0,0,1,0,0,1298000.5779094058
1,1,1,1,1,0,1298227.6077218167
1,0,1,1,1,1,1293561.7360047454
1,0,0,1,0,0,1297727.5635840343
1,1,0,1,1,0,1296703.3225722385
1,1,1,1,1,1,1296824.9333334074
1,1,1,0,1,0,1295826.0535799225
0,0,0,1,1,1,1297435.6834967583
0,1,1,0,0,0,1294432.2775324692
0,0,1,0,1,1,1288715.2501983617
1,1,1,1,0,0,1298647.3915265768
0,0,0,0,1,1,1298005.0137015458
1,1,1,1,0,1,1291221.7691158517
1,1,0,0,0,0,1297767.6941058966
1,1,0,0,0,1,1295874.0267596126
0,0,1,0,0,0,1295728.3049269407
1,1,0,1,0,0,1293454.6592624793
1,0,0,0,1,1,1287656.972513275
1,0,0,0,0,0,1298412.5374374795
0,1,1,1,0,1,1297717.472649688
0,1,0,0,0,0,1291591.314406373
0,1,1,0,1,1,1294477.6262806267
1,0,1,0,0,0,1296639.2799672936
0,1,1,0,0,1,1298343.1169272047
0,1,0,0,0,1,1291575.249957445
0,1,0,1,1,1,1297286.1527162655
0,0,1,1,1,1,1296547.4046389076
