--jitless,--experimental-wasm-modules,--experimental-vm-modules,--preserve-symlinks-main,--no-warnings,--node-memory-debug,ops
0,0,1,1,0,0,718250.1988655239
1,0,1,1,1,0,721550.3085619701
0,0,0,0,0,0,691773.7892791319
1,0,1,0,1,0,830744.6982392574
0,0,0,1,0,1,717835.9256781396
1,0,0,1,0,1,840251.7562312019
1,1,0,0,1,0,722484.8856161928
0,1,1,1,1,1,838531.0026923134
0,0,1,1,1,0,718330.8146859143
0,1,1,1,1,0,721902.4294723886
1,0,1,0,0,1,845216.1925672955
1,0,0,0,0,1,838093.1787805703
0,0,1,0,0,1,843005.2378022937
0,0,1,1,0,1,718617.3084368367
1,1,0,1,1,1,843519.3567658793
0,1,0,1,1,0,727761.7831910317
1,0,1,1,0,1,831662.5579071046
0,1,0,0,1,1,838743.7547664235
1,0,0,0,1,0,722081.35618432
1,0,0,1,1,1,841055.6257369749
1,1,1,0,0,0,842213.9530848928
1,0,1,1,0,0,722387.6791002228
1,0,0,1,1,0,845100.6557135988
0,0,0,1,0,0,720393.8825592281
1,1,1,1,1,0,721991.5559477574
1,0,1,1,1,1,722442.6073531654
1,0,0,1,0,0,835634.4617323288
1,1,0,1,1,0,724296.6581495415
1,1,1,1,1,1,839661.0540223228
1,1,1,0,1,0,724485.6966600122
0,0,0,1,1,1,836929.5148424219
0,1,1,0,0,0,845278.5277276715
0,0,1,0,1,1,722424.8623961243
1,1,1,1,0,0,849820.7409374585
0,0,0,0,1,1,838690.8204031672
1,1,1,1,0,1,720188.1707652576
1,1,0,0,0,0,723419.1392831423
1,1,0,0,0,1,839150.921922671
0,0,1,0,0,0,719259.1343212837
1,1,0,1,0,0,838989.169069322
1,0,0,0,1,1,725371.725808037
1,0,0,0,0,0,717107.2753042955
0,1,1,1,0,1,829692.3666642882
0,1,0,0,0,0,720408.6734322646
0,1,1,0,1,1,718353.5193665415
1,0,1,0,0,0,718285.538613594
0,1,1,0,0,1,717775.2555952824
0,1,0,0,0,1,722848.5001706826
0,1,0,1,1,1,712340.1352912001
0,0,1,1,1,1,719895.7590940832
