--jitless,--experimental-wasm-modules,--experimental-vm-modules,--preserve-symlinks-main,--no-warnings,--node-memory-debug,ops
0,0,1,1,0,0,186102.13658360715
1,0,1,1,1,0,105849.12055377796
0,0,0,0,0,0,175292.7530006896
1,0,1,0,1,0,107395.74915262744
0,0,0,1,0,1,187132.74382890898
1,0,0,1,0,1,105751.31948826843
1,1,0,0,1,0,106540.44921358948
0,1,1,1,1,1,186718.9120881202
0,0,1,1,1,0,186417.26442215362
0,1,1,1,1,0,186977.58684038956
1,0,1,0,0,1,106040.75592550308
1,0,0,0,0,1,105029.38944979111
0,0,1,0,0,1,185422.63495981542
0,0,1,1,0,1,186136.52635859867
1,1,0,1,1,1,104497.55600726235
0,1,0,1,1,0,187319.51917461233
1,0,1,1,0,1,107910.03983428849
0,1,0,0,1,1,185711.3506657743
1,0,0,0,1,0,106360.24456736453
1,0,0,1,1,1,106159.36332817934
1,1,1,0,0,0,104101.11575559211
1,0,1,1,0,0,105309.72836853557
1,0,0,1,1,0,105884.42077247985
0,0,0,1,0,0,186155.43639301948
1,1,1,1,1,0,98767.07165946833
1,0,1,1,1,1,106947.80551591421
1,0,0,1,0,0,107122.78375179377
1,1,0,1,1,0,106473.16067949144
1,1,1,1,1,1,105605.49003856852
1,1,1,0,1,0,106268.32390912579
0,0,0,1,1,1,186556.60792217267
0,1,1,0,0,0,186753.81138751414
0,0,1,0,1,1,187268.62872670474
1,1,1,1,0,0,106011.88531206698
0,0,0,0,1,1,186802.5704921983
1,1,1,1,0,1,107595.23573113866
1,1,0,0,0,0,105761.43856907742
1,1,0,0,0,1,106344.26772880647
0,0,1,0,0,0,185999.66899372428
1,1,0,1,0,0,98451.91253656817
1,0,0,0,1,1,107192.1818711215
1,0,0,0,0,0,105610.33071934692
0,1,1,1,0,1,186189.68483775048
0,1,0,0,0,0,186541.47140461774
0,1,1,0,1,1,186198.97471557438
1,0,1,0,0,0,106605.48190641523
0,1,1,0,0,1,186478.9127205419
0,1,0,0,0,1,186219.1084499938
0,1,0,1,1,1,186083.50182223998
0,0,1,1,1,1,179327.3666514756
