--jitless,--experimental-wasm-modules,--experimental-vm-modules,--preserve-symlinks-main,--no-warnings,--node-memory-debug,ops
0,0,1,1,0,0,263608.03480534494
1,0,1,1,1,0,307833.2479609126
0,0,0,0,0,0,299986.95287514187
1,0,1,0,1,0,265476.4608148575
0,0,0,1,0,1,266955.3837056512
1,0,0,1,0,1,266631.1814747609
1,1,0,0,1,0,308220.3164512215
0,1,1,1,1,1,298870.8567073333
0,0,1,1,1,0,265611.0222199557
0,1,1,1,1,0,225910.0002363366
1,0,1,0,0,1,268143.50760007394
1,0,0,0,0,1,268459.0812190322
0,0,1,0,0,1,263675.4030846453
0,0,1,1,0,1,299489.3476246578
1,1,0,1,1,1,269080.9771050588
0,1,0,1,1,0,260357.32480685794
1,0,1,1,0,1,269223.2660261362
0,1,0,0,1,1,296793.2855313502
1,0,0,0,1,0,309770.99202444544
1,0,0,1,1,1,266917.92540711653
1,1,1,0,0,0,267843.13260097604
1,0,1,1,0,0,306520.9550928881
1,0,0,1,1,0,270236.97662529146
0,0,0,1,0,0,262109.89025700843
1,1,1,1,1,0,268800.2291997523
1,0,1,1,1,1,266044.9564404593
1,0,0,1,0,0,265259.4476131159
1,1,0,1,1,0,304608.88710955647
1,1,1,1,1,1,263407.0970463068
1,1,1,0,1,0,267918.4255167817
0,0,0,1,1,1,261267.84926677993
0,1,1,0,0,0,311545.9803043507
0,0,1,0,1,1,264838.42859381466
1,1,1,1,0,0,268828.02190509986
0,0,0,0,1,1,265113.9310804115
1,1,1,1,0,1,314170.43514103617
1,1,0,0,0,0,267968.87999067304
1,1,0,0,0,1,266873.83740518487
0,0,1,0,0,0,263702.57400488184
1,1,0,1,0,0,309500.33171293244
1,0,0,0,1,1,269239.51393900596
1,0,0,0,0,0,267014.32753694523
0,1,1,1,0,1,261441.02107761646
0,1,0,0,0,0,297891.5419975287
0,1,1,0,1,1,263501.2571442285
1,0,1,0,0,0,266887.2496628393
0,1,1,0,0,1,295163.2059537597
0,1,0,0,0,1,263421.316052895
0,1,0,1,1,1,294666.8874703877
0,0,1,1,1,1,297105.3030325538
