--jitless,--experimental-wasm-modules,--experimental-vm-modules,--preserve-symlinks-main,--no-warnings,--node-memory-debug,ops
0,0,1,1,0,0,202.3009385064219
1,0,1,1,1,0,169.06629789474925
0,0,0,0,0,0,199.63058360503888
1,0,1,0,1,0,169.47398630236674
0,0,0,1,0,1,202.4107197688761
1,0,0,1,0,1,170.31267789691432
1,1,0,0,1,0,168.82096568664915
0,1,1,1,1,1,201.7954385916906
0,0,1,1,1,0,202.34246612124446
0,1,1,1,1,0,203.08313504634498
1,0,1,0,0,1,195.81723805386096
1,0,0,0,0,1,168.60316961145028
0,0,1,0,0,1,202.83099330596872
0,0,1,1,0,1,201.12659048393672
1,1,0,1,1,1,170.24973115864952
0,1,0,1,1,0,202.84580082112387
1,0,1,1,0,1,170.73132421263836
0,1,0,0,1,1,202.34011605055483
1,0,0,0,1,0,196.64001211302474
1,0,0,1,1,1,197.38482866651447
1,1,1,0,0,0,196.7804088258611
1,0,1,1,0,0,170.19325529235076
1,0,0,1,1,0,169.3424380633843
0,0,0,1,0,0,201.68512764591222
1,1,1,1,1,0,170.09004635089835
1,0,1,1,1,1,168.38538187228312
1,0,0,1,0,0,198.54319329009778
1,1,0,1,1,0,169.32814385468882
1,1,1,1,1,1,169.30020758067752
1,1,1,0,1,0,196.3945341515758
0,0,0,1,1,1,202.9133692821422
0,1,1,0,0,0,201.70434524006185
0,0,1,0,1,1,201.18110206122512
1,1,1,1,0,0,169.5273215486755
0,0,0,0,1,1,199.89353670235232
1,1,1,1,0,1,168.68402356670998
1,1,0,0,0,0,169.08422159474694
1,1,0,0,0,1,168.80106612052543
0,0,1,0,0,0,202.8931796422908
1,1,0,1,0,0,170.13370229208547
1,0,0,0,1,1,167.91198309072598
1,0,0,0,0,0,195.55944727547165
0,1,1,1,0,1,200.82913110091536
0,1,0,0,0,0,200.84751223040843
0,1,1,0,1,1,202.11257767590584
1,0,1,0,0,0,197.18571810661012
0,1,1,0,0,1,202.70153716886398
0,1,0,0,0,1,201.65903272954333
0,1,0,1,1,1,202.95141280262567
0,0,1,1,1,1,202.28783086374617
