--jitless,--experimental-wasm-modules,--experimental-vm-modules,--preserve-symlinks-main,--no-warnings,--node-memory-debug,ops
0,0,1,1,0,0,430.0983201120637
1,0,1,1,1,0,433.2812340608378
0,0,0,0,0,0,432.8887875805158
1,0,1,0,1,0,437.8916186715592
0,0,0,1,0,1,423.5188542957396
1,0,0,1,0,1,425.3056328459396
1,1,0,0,1,0,427.63964120703025
0,1,1,1,1,1,429.96774081031026
0,0,1,1,1,0,425.8858000003873
0,1,1,1,1,0,436.0942809777791
1,0,1,0,0,1,429.5462840344519
1,0,0,0,0,1,452.3645005148763
0,0,1,0,0,1,420.09392367968854
0,0,1,1,0,1,430.70946125328504
1,1,0,1,1,1,429.89469634836115
0,1,0,1,1,0,423.52053687456475
1,0,1,1,0,1,448.4578748200036
0,1,0,0,1,1,438.0623520477396
1,0,0,0,1,0,431.76947571149896
1,0,0,1,1,1,433.0909552332549
1,1,1,0,0,0,434.5223514641246
1,0,1,1,0,0,434.9069186118372
1,0,0,1,1,0,440.7244850327059
0,0,0,1,0,0,426.45077949897353
1,1,1,1,1,0,436.49073056917405
1,0,1,1,1,1,420.54831393933955
1,0,0,1,0,0,429.7531923996421
1,1,0,1,1,0,438.5452343834212
1,1,1,1,1,1,424.15636152105765
1,1,1,0,1,0,427.509163365979
0,0,0,1,1,1,455.84489995798606
0,1,1,0,0,0,430.968009330861
0,0,1,0,1,1,433.0993684089316
1,1,1,1,0,0,434.3648660503177
0,0,0,0,1,1,426.93215954059826
1,1,1,1,0,1,432.1654410261775
1,1,0,0,0,0,444.90274488283245
1,1,0,0,0,1,435.74973077810813
0,0,1,0,0,0,430.94069420022856
1,1,0,1,0,0,428.14420441853787
1,0,0,0,1,1,454.44750877508795
1,0,0,0,0,0,427.3288773473671
0,1,1,1,0,1,431.91414678377004
0,1,0,0,0,0,456.36044121660194
0,1,1,0,1,1,427.5662896475651
1,0,1,0,0,0,420.52723028596245
0,1,1,0,0,1,428.90331807231144
0,1,0,0,0,1,418.3250059558673
0,1,0,1,1,1,422.2932741586565
0,0,1,1,1,1,427.95143589987356
