--jitless,--experimental-wasm-modules,--experimental-vm-modules,--preserve-symlinks-main,--no-warnings,--node-memory-debug,ops
0,0,1,1,0,0,211.62803798926444
1,0,1,1,1,0,184.75383971133763
0,0,0,0,0,0,182.59244016171846
1,0,1,0,1,0,181.48497540334128
0,0,0,1,0,1,186.63870669529408
1,0,0,1,0,1,214.31588996302108
1,1,0,0,1,0,215.24453027057012
0,1,1,1,1,1,183.6477609499702
0,0,1,1,1,0,209.30678430266096
0,1,1,1,1,0,207.4581279999223
1,0,1,0,0,1,181.37588846978966
1,0,0,0,0,1,221.88891548597354
0,0,1,0,0,1,183.17400919071926
0,0,1,1,0,1,218.61981463313364
1,1,0,1,1,1,219.69380044746353
0,1,0,1,1,0,208.94145744522768
1,0,1,1,0,1,218.79857875444796
0,1,0,0,1,1,213.70231003221647
1,0,0,0,1,0,217.704258952772
1,0,0,1,1,1,184.32848102124467
1,1,1,0,0,0,183.9234160552194
1,0,1,1,0,0,183.7589908220837
1,0,0,1,1,0,218.84489114480039
0,0,0,1,0,0,205.39109730645595
1,1,1,1,1,0,181.0151983980879
1,0,1,1,1,1,221.46453790228256
1,0,0,1,0,0,186.8218623277563
1,1,0,1,1,0,180.3334993964418
1,1,1,1,1,1,222.165219563887
1,1,1,0,1,0,182.58710591768462
0,0,0,1,1,1,181.2877076165746
0,1,1,0,0,0,207.84638389692682
0,0,1,0,1,1,179.46727794657275
1,1,1,1,0,0,179.27994290579227
0,0,0,0,1,1,215.85360083523256
1,1,1,1,0,1,183.17508288397738
1,1,0,0,0,0,179.61510781468692
1,1,0,0,0,1,169.13643637579452
0,0,1,0,0,0,221.91335827876188
1,1,0,1,0,0,183.45183710504196
1,0,0,0,1,1,184.70018302679938
1,0,0,0,0,0,180.1364735540022
0,1,1,1,0,1,183.61106036305415
0,1,0,0,0,0,214.65506819505654
0,1,1,0,1,1,183.02169253629486
1,0,1,0,0,0,217.71875335286882
0,1,1,0,0,1,214.3547457004618
0,1,0,0,0,1,182.58614578685754
0,1,0,1,1,1,180.9415954546892
0,0,1,1,1,1,177.79333508969444
