--jitless,--experimental-wasm-modules,--experimental-vm-modules,--preserve-symlinks-main,--no-warnings,--node-memory-debug,ops
0,0,1,1,0,0,1242352745.814309
1,0,1,1,1,0,7249234.898044416
0,0,0,0,0,0,1264152687.0921168
1,0,1,0,1,0,6898413.266904913
0,0,0,1,0,1,1251492498.6665974
1,0,0,1,0,1,7129977.093828253
1,1,0,0,1,0,6886657.640356313
0,1,1,1,1,1,1252795407.8072739
0,0,1,1,1,0,1261572594.6465824
0,1,1,1,1,0,1251960549.876748
1,0,1,0,0,1,7147639.895880044
1,0,0,0,0,1,7405046.587665169
0,0,1,0,0,1,1262734918.4150126
0,0,1,1,0,1,1292464950.5348074
1,1,0,1,1,1,7435692.66371465
0,1,0,1,1,0,1265245432.4987829
1,0,1,1,0,1,7454484.290843399
0,1,0,0,1,1,1273204233.089339
1,0,0,0,1,0,7146026.690872052
1,0,0,1,1,1,7323500.422440666
1,1,1,0,0,0,7093250.698836445
1,0,1,1,0,0,6556962.389630582
1,0,0,1,1,0,6519097.785501755
0,0,0,1,0,0,1292397235.075856
1,1,1,1,1,0,7218054.128190174
1,0,1,1,1,1,7464301.239516456
1,0,0,1,0,0,7643391.806635854
1,1,0,1,1,0,7403049.879244243
1,1,1,1,1,1,7268396.172041341
1,1,1,0,1,0,7525301.975822822
0,0,0,1,1,1,1291641359.8065958
0,1,1,0,0,0,1276892818.4136035
0,0,1,0,1,1,1292877715.7276201
1,1,1,1,0,0,7322495.666407169
0,0,0,0,1,1,1273947215.4672623
1,1,1,1,0,1,7134726.664996023
1,1,0,0,0,0,7204480.092995056
1,1,0,0,0,1,6972457.865627815
0,0,1,0,0,0,1253967235.70705
1,1,0,1,0,0,7131906.428247668
1,0,0,0,1,1,7519192.407361769
1,0,0,0,0,0,7119493.106296783
0,1,1,1,0,1,1262122533.905808
0,1,0,0,0,0,1292280208.4103196
0,1,1,0,1,1,1264261556.2160108
1,0,1,0,0,0,7081154.520834301
0,1,1,0,0,1,1290261600.3846467
0,1,0,0,0,1,1292898473.1550388
0,1,0,1,1,1,1256731735.3807511
0,0,1,1,1,1,1260825603.079174
