--jitless,--experimental-wasm-modules,--experimental-vm-modules,--preserve-symlinks-main,--no-warnings,--node-memory-debug,ops
0,0,1,1,0,0,191400.83165904335
1,0,1,1,1,0,221380.27575248215
0,0,0,0,0,0,190386.94659497406
1,0,1,0,1,0,219804.23256232275
0,0,0,1,0,1,191391.20848969533
1,0,0,1,0,1,223651.1042773274
1,1,0,0,1,0,224996.39654208664
0,1,1,1,1,1,193427.3244052015
0,0,1,1,1,0,192918.13356980876
0,1,1,1,1,0,190882.56155449987
1,0,1,0,0,1,192284.97835573435
1,0,0,0,0,1,216670.32721028067
0,0,1,0,0,1,184780.00983448295
0,0,1,1,0,1,192398.52950405146
1,1,0,1,1,1,225044.50892497072
0,1,0,1,1,0,222149.37766717555
1,0,1,1,0,1,123098.6280874284
0,1,0,0,1,1,190989.79528840858
1,0,0,0,1,0,192438.59160509196
1,0,0,1,1,1,213801.55874698926
1,1,1,0,0,0,222713.95220262793
1,0,1,1,0,0,224176.07629692645
1,0,0,1,1,0,220956.135891476
0,0,0,1,0,0,192509.68141339708
1,1,1,1,1,0,222794.4384068022
1,0,1,1,1,1,191012.0617401721
1,0,0,1,0,0,223329.7594755938
1,1,0,1,1,0,218704.11405077824
1,1,1,1,1,1,225644.24848455866
1,1,1,0,1,0,225926.8738251361
0,0,0,1,1,1,191386.48669359286
0,1,1,0,0,0,189974.25700400208
0,0,1,0,1,1,189392.25799960346
1,1,1,1,0,0,225737.7148200778
0,0,0,0,1,1,129924.77051276132
1,1,1,1,0,1,224522.7028849852
1,1,0,0,0,0,225936.9931448863
1,1,0,0,0,1,222480.52752218832
0,0,1,0,0,0,191883.6585392819
1,1,0,1,0,0,218862.99817514425
1,0,0,0,1,1,223748.5974743066
1,0,0,0,0,0,223537.44514164067
0,1,1,1,0,1,190410.94922461463
0,1,0,0,0,0,192200.092308599
0,1,1,0,1,1,192111.6048354341
1,0,1,0,0,0,224979.5398245643
0,1,1,0,0,1,193208.02107627812
0,1,0,0,0,1,192750.29256068575
0,1,0,1,1,1,191275.19849938632
0,0,1,1,1,1,191765.90177540766
