--jitless,--experimental-wasm-modules,--experimental-vm-modules,--preserve-symlinks-main,--no-warnings,--node-memory-debug,ops
0,0,1,1,0,0,215459.37875318032
1,0,1,1,1,0,250237.285551045
0,0,0,0,0,0,214134.55345417434
1,0,1,0,1,0,212619.86081289308
0,0,0,1,0,1,215646.7739537446
1,0,0,1,0,1,248844.05375711992
1,1,0,0,1,0,212001.21486633673
0,1,1,1,1,1,213126.24566462918
0,0,1,1,1,0,214013.1371462644
0,1,1,1,1,0,215830.90154717455
1,0,1,0,0,1,214565.2058212546
1,0,0,0,0,1,250303.95798022303
0,0,1,0,0,1,209040.08547779743
0,0,1,1,0,1,213218.01792197386
1,1,0,1,1,1,213196.621000117
0,1,0,1,1,0,252688.26756528934
1,0,1,1,0,1,242141.743723232
0,1,0,0,1,1,212383.0078660527
1,0,0,0,1,0,212267.83723534408
1,0,0,1,1,1,250176.8217526792
1,1,1,0,0,0,249315.05315109636
1,0,1,1,0,0,252478.49309789384
1,0,0,1,1,0,246665.91510645655
0,0,0,1,0,0,216490.6235669917
1,1,1,1,1,0,250302.30603221225
1,0,1,1,1,1,251161.06807225294
1,0,0,1,0,0,244318.98706874953
1,1,0,1,1,0,250600.31501242722
1,1,1,1,1,1,249600.67548182802
1,1,1,0,1,0,213582.1119975371
0,0,0,1,1,1,211748.48415794616
0,1,1,0,0,0,215334.9615235958
0,0,1,0,1,1,213219.52741057795
1,1,1,1,0,0,213559.9293166687
0,0,0,0,1,1,214936.8066897402
1,1,1,1,0,1,247260.93320719164
1,1,0,0,0,0,211461.4152096514
1,1,0,0,0,1,249055.5831743496
0,0,1,0,0,0,212810.26343998648
1,1,0,1,0,0,249063.70047365886
1,0,0,0,1,1,248651.78042202324
1,0,0,0,0,0,248162.7715128526
0,1,1,1,0,1,216016.84762648324
0,1,0,0,0,0,213712.18270054142
0,1,1,0,1,1,212340.9490603602
1,0,1,0,0,0,248855.66492945648
0,1,1,0,0,1,215965.63952930458
0,1,0,0,0,1,214693.77622870254
0,1,0,1,1,1,213684.88949423668
0,0,1,1,1,1,214388.66151966387
