--jitless,--experimental-wasm-modules,--experimental-vm-modules,--preserve-symlinks-main,--no-warnings,--node-memory-debug,ops
0,0,1,1,0,0,232320.39523507238
1,0,1,1,1,0,233402.12313876624
0,0,0,0,0,0,232471.97622974042
1,0,1,0,1,0,270662.0329890498
0,0,0,1,0,1,233355.52945498266
1,0,0,1,0,1,255704.4057070027
1,1,0,0,1,0,270723.357477239
0,1,1,1,1,1,235266.76356103818
0,0,1,1,1,0,236010.33743716285
0,1,1,1,1,0,233606.85563119134
1,0,1,0,0,1,263429.02787228324
1,0,0,0,0,1,274928.40853502357
0,0,1,0,0,1,233447.35169481864
0,0,1,1,0,1,234182.2898728509
1,1,0,1,1,1,273080.06579522835
0,1,0,1,1,0,234476.89669827218
1,0,1,1,0,1,231009.40280459853
0,1,0,0,1,1,229937.50370504765
1,0,0,0,1,0,231932.06202551886
1,0,0,1,1,1,272530.6896437007
1,1,1,0,0,0,266040.7780237847
1,0,1,1,0,0,274736.773195135
1,0,0,1,1,0,233427.76823905192
0,0,0,1,0,0,233810.71971917138
1,1,1,1,1,0,230593.28905972207
1,0,1,1,1,1,234669.6440377754
1,0,0,1,0,0,270603.59664948354
1,1,0,1,1,0,270020.4756737657
1,1,1,1,1,1,234881.7792294777
1,1,1,0,1,0,230065.93276233246
0,0,0,1,1,1,234068.59215513626
0,1,1,0,0,0,234165.90288335065
0,0,1,0,1,1,233285.62065252083
1,1,1,1,0,0,233453.31252923864
0,0,0,0,1,1,234319.0982192893
1,1,1,1,0,1,274316.45242391
1,1,0,0,0,0,230564.78465159048
1,1,0,0,0,1,233108.19270580792
0,0,1,0,0,0,232273.28403574828
1,1,0,1,0,0,274187.0314353825
1,0,0,0,1,1,258309.02436883302
1,0,0,0,0,0,232620.42593617796
0,1,1,1,0,1,231587.2319445638
0,1,0,0,0,0,233266.54256157644
0,1,1,0,1,1,234856.9986926905
1,0,1,0,0,0,232388.302698473
0,1,1,0,0,1,234075.70840475804
0,1,0,0,0,1,235071.3616049497
0,1,0,1,1,1,234447.31678022328
0,0,1,1,1,1,234017.8813428787
