--jitless,--experimental-wasm-modules,--experimental-vm-modules,--preserve-symlinks-main,--no-warnings,--node-memory-debug,ops
0,0,1,1,0,0,225604.6767144468
1,0,1,1,1,0,226337.75782390393
0,0,0,0,0,0,225902.2522719281
1,0,1,0,1,0,260554.35993447466
0,0,0,1,0,1,227040.6777518982
1,0,0,1,0,1,218839.798581901
1,1,0,0,1,0,224175.43829691465
0,1,1,1,1,1,223277.80097531405
0,0,1,1,1,0,218856.68328253392
0,1,1,1,1,0,224329.35053805087
1,0,1,0,0,1,262954.2862704223
1,0,0,0,0,1,222403.4559412021
0,0,1,0,0,1,227263.49671078255
0,0,1,1,0,1,227026.13061895216
1,1,0,1,1,1,224895.6398577447
0,1,0,1,1,0,264476.2659670443
1,0,1,1,0,1,226069.475300254
0,1,0,0,1,1,220671.67804002177
1,0,0,0,1,0,222565.29541956712
1,0,0,1,1,1,223292.99158748018
1,1,1,0,0,0,224886.453204621
1,0,1,1,0,0,261642.98508072863
1,0,0,1,1,0,224785.84428706998
0,0,0,1,0,0,224836.7298902867
1,1,1,1,1,0,214781.99313075168
1,0,1,1,1,1,263132.94200873736
1,0,0,1,0,0,262983.6626535976
1,1,0,1,1,0,224066.1975572408
1,1,1,1,1,1,220229.59365274225
1,1,1,0,1,0,222958.74087534822
0,0,0,1,1,1,224846.55430340715
0,1,1,0,0,0,225733.7835958113
0,0,1,0,1,1,222927.67607912017
1,1,1,1,0,0,262571.57575510483
0,0,0,0,1,1,225141.29045095315
1,1,1,1,0,1,260773.59096949207
1,1,0,0,0,0,260557.0781577088
1,1,0,0,0,1,220166.71178220867
0,0,1,0,0,0,223533.93175229646
1,1,0,1,0,0,224217.50499343773
1,0,0,0,1,1,223391.97590857162
1,0,0,0,0,0,223248.98344316645
0,1,1,1,0,1,223263.5859925647
0,1,0,0,0,0,224164.39656433038
0,1,1,0,1,1,223945.35733281082
1,0,1,0,0,0,261045.22098599633
0,1,1,0,0,1,225135.3505372798
0,1,0,0,0,1,225283.39727363086
0,1,0,1,1,1,221575.71928260534
0,0,1,1,1,1,223515.00038853195
