--jitless,--experimental-wasm-modules,--experimental-vm-modules,--preserve-symlinks-main,--no-warnings,--node-memory-debug,ops
0,0,1,1,0,0,223005.25717471505
1,0,1,1,1,0,222821.05380432133
0,0,0,0,0,0,221325.44112170502
1,0,1,0,1,0,220785.29707912265
0,0,0,1,0,1,225803.62053172343
1,0,0,1,0,1,221698.19082152168
1,1,0,0,1,0,224442.3899782966
0,1,1,1,1,1,223770.89356918726
0,0,1,1,1,0,224373.63820101423
0,1,1,1,1,0,218373.34463301656
1,0,1,0,0,1,262228.5173000399
1,0,0,0,0,1,257975.8369350858
0,0,1,0,0,1,225156.19111363046
0,0,1,1,0,1,224039.087819603
1,1,0,1,1,1,225077.35385522997
0,1,0,1,1,0,224341.6372601664
1,0,1,1,0,1,224911.1008124474
0,1,0,0,1,1,221621.32447309745
1,0,0,0,1,0,222367.0889759344
1,0,0,1,1,1,223909.26776640228
1,1,1,0,0,0,224769.31512526277
1,0,1,1,0,0,261281.94516243113
1,0,0,1,1,0,222668.8162325567
0,0,0,1,0,0,222774.12965802432
1,1,1,1,1,0,221451.41941925662
1,0,1,1,1,1,262817.08085167105
1,0,0,1,0,0,260423.6207275839
1,1,0,1,1,0,219447.2714710618
1,1,1,1,1,1,224653.18615916983
1,1,1,0,1,0,222054.23587971428
0,0,0,1,1,1,223409.13171735514
0,1,1,0,0,0,224440.56982479827
0,0,1,0,1,1,222389.83504711778
1,1,1,1,0,0,259726.29312750025
0,0,0,0,1,1,223081.72590314332
1,1,1,1,0,1,260947.1003655043
1,1,0,0,0,0,225682.49118207375
1,1,0,0,0,1,222274.26951753677
0,0,1,0,0,0,220638.2997061029
1,1,0,1,0,0,222114.34637430866
1,0,0,0,1,1,260545.01233136136
1,0,0,0,0,0,221141.08801415304
0,1,1,1,0,1,222145.18489464806
0,1,0,0,0,0,222863.34124382117
0,1,1,0,1,1,223231.365576459
1,0,1,0,0,0,222819.93864182977
0,1,1,0,0,1,225141.53795415818
0,1,0,0,0,1,220234.18808859953
0,1,0,1,1,1,223499.5356491581
0,0,1,1,1,1,223963.3330030749
