--jitless,--experimental-wasm-modules,--experimental-vm-modules,--preserve-symlinks-main,--no-warnings,--node-memory-debug,ops
0,0,1,1,0,0,237437.2176810036
1,0,1,1,1,0,237791.03277011227
0,0,0,0,0,0,238637.1766425474
1,0,1,0,1,0,274298.3760946822
0,0,0,1,0,1,238014.88150856804
1,0,0,1,0,1,236922.36003360408
1,1,0,0,1,0,275851.8880095212
0,1,1,1,1,1,236555.5479321834
0,0,1,1,1,0,236804.28911768663
0,1,1,1,1,0,236670.4170299157
1,0,1,0,0,1,274599.95961449813
1,0,0,0,0,1,274152.67680371174
0,0,1,0,0,1,237144.19107893197
0,0,1,1,0,1,236586.64616249065
1,1,0,1,1,1,235781.50054662625
0,1,0,1,1,0,236623.0562363347
1,0,1,1,0,1,233308.26332756368
0,1,0,0,1,1,236888.3786124032
1,0,0,0,1,0,234743.61366702992
1,0,0,1,1,1,234599.16075815848
1,1,1,0,0,0,275300.5655759764
1,0,1,1,0,0,275950.38498312497
1,0,0,1,1,0,236472.51364970618
0,0,0,1,0,0,239507.9048133838
1,1,1,1,1,0,218506.2876037798
1,0,1,1,1,1,235983.6323227519
1,0,0,1,0,0,280273.96780352795
1,1,0,1,1,0,236894.46166658954
1,1,1,1,1,1,240115.06764257184
1,1,1,0,1,0,234992.00820636156
0,0,0,1,1,1,239629.47292748588
0,1,1,0,0,0,237599.6862941642
0,0,1,0,1,1,236499.7665026719
1,1,1,1,0,0,275720.94025148766
0,0,0,0,1,1,235866.22331187504
1,1,1,1,0,1,277060.250052287
1,1,0,0,0,0,238677.83666511122
1,1,0,0,0,1,237687.59679270297
0,0,1,0,0,0,235294.1717128152
1,1,0,1,0,0,240439.92993430168
1,0,0,0,1,1,278399.91822002403
1,0,0,0,0,0,235540.80767495002
0,1,1,1,0,1,237146.7173938317
0,1,0,0,0,0,234414.04158422688
0,1,1,0,1,1,237170.22568692509
1,0,1,0,0,0,235139.26720133296
0,1,1,0,0,1,236525.33200164643
0,1,0,0,0,1,238755.69114060167
0,1,0,1,1,1,236595.66563209973
0,0,1,1,1,1,238067.50562213617
