--jitless,--experimental-wasm-modules,--experimental-vm-modules,--preserve-symlinks-main,--no-warnings,--node-memory-debug,ops
0,0,1,1,0,0,229930.68847176028
1,0,1,1,1,0,231487.55166648433
0,0,0,0,0,0,229472.67224736436
1,0,1,0,1,0,266482.4190566158
0,0,0,1,0,1,230183.8458595456
1,0,0,1,0,1,177463.70399331462
1,1,0,0,1,0,267263.8342964227
0,1,1,1,1,1,229318.91610085283
0,0,1,1,1,0,231505.92114826938
0,1,1,1,1,0,230489.58553965963
1,0,1,0,0,1,268115.18689251883
1,0,0,0,0,1,229715.08151296098
0,0,1,0,0,1,230992.98787399603
0,0,1,1,0,1,230786.15138850323
1,1,0,1,1,1,230231.7178816074
0,1,0,1,1,0,231029.15592460055
1,0,1,1,0,1,222344.29927890093
0,1,0,0,1,1,229158.85273768744
1,0,0,0,1,0,226606.52741872592
1,0,0,1,1,1,271131.72606587334
1,1,1,0,0,0,263214.3093991671
1,0,1,1,0,0,267243.1881694781
1,0,0,1,1,0,228662.12781275072
0,0,0,1,0,0,230130.6148555155
1,1,1,1,1,0,231723.69845505463
1,0,1,1,1,1,227912.92301884913
1,0,0,1,0,0,230010.58632708358
1,1,0,1,1,0,227964.21941288974
1,1,1,1,1,1,216058.8253911319
1,1,1,0,1,0,223296.78956349185
0,0,0,1,1,1,213759.78410261808
0,1,1,0,0,0,233214.26651835698
0,0,1,0,1,1,228541.840565284
1,1,1,1,0,0,267563.70184833213
0,0,0,0,1,1,231317.3932156235
1,1,1,1,0,1,269945.5917278548
1,1,0,0,0,0,268946.054516731
1,1,0,0,0,1,228697.72280495972
0,0,1,0,0,0,230636.50043345697
1,1,0,1,0,0,230720.0086520003
1,0,0,0,1,1,270762.3705880144
1,0,0,0,0,0,229488.87180670942
0,1,1,1,0,1,228446.445928801
0,1,0,0,0,0,227822.66497342216
0,1,1,0,1,1,229273.68157557593
1,0,1,0,0,0,228475.70337160077
0,1,1,0,0,1,228608.42435438774
0,1,0,0,0,1,230517.65621173047
0,1,0,1,1,1,230595.83351160973
0,0,1,1,1,1,229376.2422213118
