--jitless,--experimental-wasm-modules,--experimental-vm-modules,--preserve-symlinks-main,--no-warnings,--node-memory-debug,ops
0,0,1,1,0,0,171276.03826480647
1,0,1,1,1,0,169083.09079927095
0,0,0,0,0,0,171907.2640891769
1,0,1,0,1,0,171518.4559051007
0,0,0,1,0,1,169832.67501058138
1,0,0,1,0,1,170459.78530723212
1,1,0,0,1,0,170767.61879064175
0,1,1,1,1,1,171628.904117602
0,0,1,1,1,0,170221.73542056655
0,1,1,1,1,0,170679.92280733804
1,0,1,0,0,1,200079.48470153965
1,0,0,0,0,1,170665.18756837441
0,0,1,0,0,1,108059.3034522626
0,0,1,1,0,1,168794.70525296047
1,1,0,1,1,1,168947.12285029635
0,1,0,1,1,0,170133.35530889174
1,0,1,1,0,1,171093.173432505
0,1,0,0,1,1,170901.08598961573
1,0,0,0,1,0,171404.67807556735
1,0,0,1,1,1,167693.2418968464
1,1,1,0,0,0,171772.65352516403
1,0,1,1,0,0,198269.97826581539
1,0,0,1,1,0,170486.83147393356
0,0,0,1,0,0,172558.80269805124
1,1,1,1,1,0,172279.5188084987
1,0,1,1,1,1,171027.0205990689
1,0,0,1,0,0,200506.47465560958
1,1,0,1,1,0,171410.7320861975
1,1,1,1,1,1,170224.64999218695
1,1,1,0,1,0,170947.4763878798
0,0,0,1,1,1,172068.74011738985
0,1,1,0,0,0,170959.37761437206
0,0,1,0,1,1,172202.42529626723
1,1,1,1,0,0,170732.37017378854
0,0,0,0,1,1,172186.64426895083
1,1,1,1,0,1,199682.1076446462
1,1,0,0,0,0,200147.33502064314
1,1,0,0,0,1,169687.51315326794
0,0,1,0,0,0,169296.85757587734
1,1,0,1,0,0,170429.8827495666
1,0,0,0,1,1,199739.87002864238
1,0,0,0,0,0,163893.20629049014
0,1,1,1,0,1,172215.7183506107
0,1,0,0,0,0,172742.0763428883
0,1,1,0,1,1,170303.09793642207
1,0,1,0,0,0,170250.20628705414
0,1,1,0,0,1,170816.90013033128
0,1,0,0,0,1,172032.89457105176
0,1,0,1,1,1,171122.22254344774
0,0,1,1,1,1,171266.58496938358
