--jitless,--experimental-wasm-modules,--experimental-vm-modules,--preserve-symlinks-main,--no-warnings,--node-memory-debug,ops
0,0,1,1,0,0,319532.51115487993
1,0,1,1,1,0,317779.1053882625
0,0,0,0,0,0,316732.1351990123
1,0,1,0,1,0,320089.3177232175
0,0,0,1,0,1,277254.5368546138
1,0,0,1,0,1,318504.1008995511
1,1,0,0,1,0,317621.0437916838
0,1,1,1,1,1,318561.3260816033
0,0,1,1,1,0,304877.6769784427
0,1,1,1,1,0,307382.2771985671
1,0,1,0,0,1,320630.79620321834
1,0,0,0,0,1,323022.2478342973
0,0,1,0,0,1,318920.36526587274
0,0,1,1,0,1,314911.5334774578
1,1,0,1,1,1,322139.9369443287
0,1,0,1,1,0,317915.794915064
1,0,1,1,0,1,317830.9184010435
0,1,0,0,1,1,316573.910510887
1,0,0,0,1,0,319943.89463863615
1,0,0,1,1,1,320176.7375591326
1,1,1,0,0,0,317874.26038606465
1,0,1,1,0,0,320216.41506195546
1,0,0,1,1,0,319887.50196330954
0,0,0,1,0,0,308422.5574090038
1,1,1,1,1,0,315290.9157750765
1,0,1,1,1,1,322285.70176261273
1,0,0,1,0,0,320291.79864023323
1,1,0,1,1,0,317823.94841590186
1,1,1,1,1,1,308488.3975971222
1,1,1,0,1,0,319503.0066830444
0,0,0,1,1,1,327533.37237531133
0,1,1,0,0,0,320561.3156862192
0,0,1,0,1,1,323838.2868177415
1,1,1,1,0,0,317821.0190930977
0,0,0,0,1,1,314467.7821467835
1,1,1,1,0,1,319954.9503429917
1,1,0,0,0,0,318230.4351132916
1,1,0,0,0,1,315249.3685555148
0,0,1,0,0,0,327225.77334903146
1,1,0,1,0,0,321632.34849508223
1,0,0,0,1,1,322966.4337755713
1,0,0,0,0,0,319733.87909774936
0,1,1,1,0,1,315759.7257942541
0,1,0,0,0,0,317905.2839355148
0,1,1,0,1,1,317576.35885366367
1,0,1,0,0,0,311295.5779529265
0,1,1,0,0,1,307707.3616832331
0,1,0,0,0,1,289532.8098580131
0,1,0,1,1,1,314969.16136941034
0,0,1,1,1,1,315598.5863708119
