--jitless,--experimental-wasm-modules,--experimental-vm-modules,--preserve-symlinks-main,--no-warnings,--node-memory-debug,ops
0,0,1,1,0,0,264290.8016004764
1,0,1,1,1,0,275588.44575047644
0,0,0,0,0,0,266912.75666947913
1,0,1,0,1,0,235557.9009270558
0,0,0,1,0,1,267846.69564026874
1,0,0,1,0,1,279264.0871871417
1,1,0,0,1,0,234376.7944473325
0,1,1,1,1,1,267633.97793735215
0,0,1,1,1,0,264822.6956439898
0,1,1,1,1,0,266265.78045781975
1,0,1,0,0,1,235313.87293879167
1,0,0,0,0,1,276086.9903724049
0,0,1,0,0,1,269000.1750384139
0,0,1,1,0,1,268265.1406028572
1,1,0,1,1,1,275746.47224095423
0,1,0,1,1,0,307406.7504677962
1,0,1,1,0,1,256292.7002059581
0,1,0,0,1,1,265432.4799559658
1,0,0,0,1,0,233055.2681013036
1,0,0,1,1,1,273073.9015667165
1,1,1,0,0,0,270035.76610220235
1,0,1,1,0,0,277439.3980452868
1,0,0,1,1,0,233045.32892448857
0,0,0,1,0,0,268879.83089502127
1,1,1,1,1,0,244462.31137990882
1,0,1,1,1,1,232299.25012408264
1,0,0,1,0,0,274809.0424101665
1,1,0,1,1,0,275234.8599702741
1,1,1,1,1,1,242375.8201422111
1,1,1,0,1,0,275890.15268036944
0,0,0,1,1,1,265309.3651791593
0,1,1,0,0,0,302191.7301364994
0,0,1,0,1,1,267812.9883862764
1,1,1,1,0,0,275652.5046241397
0,0,0,0,1,1,266690.2278593306
1,1,1,1,0,1,273966.9695284759
1,1,0,0,0,0,232843.93109291213
1,1,0,0,0,1,271158.94608001644
0,0,1,0,0,0,313593.9184856826
1,1,0,1,0,0,275916.9897666113
1,0,0,0,1,1,236929.0872308099
1,0,0,0,0,0,277495.5108857465
0,1,1,1,0,1,250131.65992584772
0,1,0,0,0,0,265736.6556916985
0,1,1,0,1,1,267988.92401777033
1,0,1,0,0,0,282211.0826295847
0,1,1,0,0,1,265646.3756091786
0,1,0,0,0,1,305383.0807054343
0,1,0,1,1,1,256921.85369836824
0,0,1,1,1,1,266511.79843734007
