--jitless,--experimental-wasm-modules,--experimental-vm-modules,--preserve-symlinks-main,--no-warnings,--node-memory-debug,ops
0,0,1,1,0,0,246870.63085271636
1,0,1,1,1,0,177799.1010264093
0,0,0,0,0,0,244654.69253205007
1,0,1,0,1,0,156086.32519666507
0,0,0,1,0,1,248175.07868297803
1,0,0,1,0,1,173034.3389933385
1,1,0,0,1,0,152655.14195145955
0,1,1,1,1,1,244152.45411487282
0,0,1,1,1,0,284237.65889471374
0,1,1,1,1,0,244572.0923261116
1,0,1,0,0,1,165768.89273457983
1,0,0,0,0,1,177542.3487325873
0,0,1,0,0,1,246509.43563550507
0,0,1,1,0,1,247643.8544577256
1,1,0,1,1,1,176479.40701507407
0,1,0,1,1,0,245281.36599547425
1,0,1,1,0,1,175466.4941246141
0,1,0,0,1,1,246151.23164907182
1,0,0,0,1,0,175623.20420883116
1,0,0,1,1,1,173100.8692519801
1,1,1,0,0,0,176542.6960610138
1,0,1,1,0,0,172769.78375347762
1,0,0,1,1,0,179276.4283237646
0,0,0,1,0,0,248960.8777524041
1,1,1,1,1,0,182120.94132668822
1,0,1,1,1,1,150824.4475298602
1,0,0,1,0,0,177507.3669994989
1,1,0,1,1,0,174868.75902907515
1,1,1,1,1,1,177066.61842899804
1,1,1,0,1,0,180569.01358984967
0,0,0,1,1,1,248384.51025013946
0,1,1,0,0,0,285804.37125210435
0,0,1,0,1,1,242986.90289658977
1,1,1,1,0,0,173752.6939160642
0,0,0,0,1,1,245854.49070006833
1,1,1,1,0,1,153299.4690718168
1,1,0,0,0,0,176832.74429609405
1,1,0,0,0,1,162632.51826143626
0,0,1,0,0,0,287899.89421262336
1,1,0,1,0,0,175390.24878449074
1,0,0,0,1,1,180003.1721959036
1,0,0,0,0,0,176553.083182685
0,1,1,1,0,1,247864.72594204522
0,1,0,0,0,0,249017.50144803678
0,1,1,0,1,1,284664.5972119778
1,0,1,0,0,0,180221.12934327178
0,1,1,0,0,1,247216.08116875257
0,1,0,0,0,1,253455.30870064552
0,1,0,1,1,1,249006.40530381651
0,0,1,1,1,1,287523.28363550885
