--jitless,--experimental-wasm-modules,--experimental-vm-modules,--preserve-symlinks-main,--no-warnings,--node-memory-debug,ops
0,0,1,1,0,0,1606607.4107546252
1,0,1,1,1,0,1066103.7593330294
0,0,0,0,0,0,1610292.7698083296
1,0,1,0,1,0,1036017.9525293445
0,0,0,1,0,1,1611710.3599760407
1,0,0,1,0,1,1061478.8802716595
1,1,0,0,1,0,1060778.0247781728
0,1,1,1,1,1,1608957.8380096294
0,0,1,1,1,0,1607116.153473042
0,1,1,1,1,0,1609129.011115511
1,0,1,0,0,1,1050274.7590713552
1,0,0,0,0,1,1076381.581640801
0,0,1,0,0,1,1610964.993274793
0,0,1,1,0,1,1610366.8927556297
1,1,0,1,1,1,1051952.0876597734
0,1,0,1,1,0,1604618.2788258758
1,0,1,1,0,1,1059073.3793997988
0,1,0,0,1,1,1610350.627858157
1,0,0,0,1,0,1039922.6805839852
1,0,0,1,1,1,1074791.312849173
1,1,1,0,0,0,1040311.3576991175
1,0,1,1,0,0,1052440.350535676
1,0,0,1,1,0,1054873.0409186655
0,0,0,1,0,0,1598937.8038713343
1,1,1,1,1,0,1060705.779645674
1,0,1,1,1,1,1058861.27333157
1,0,0,1,0,0,1047524.8588726586
1,1,0,1,1,0,1036490.8126744796
1,1,1,1,1,1,1066870.6864817839
1,1,1,0,1,0,1054151.6089762151
0,0,0,1,1,1,1597202.835285474
0,1,1,0,0,0,1598747.8069996317
0,0,1,0,1,1,1610418.964939187
1,1,1,1,0,0,1052927.043575927
0,0,0,0,1,1,1602444.229977226
1,1,1,1,0,1,1072614.0386379024
1,1,0,0,0,0,1050823.3464676235
1,1,0,0,0,1,1052035.631769337
0,0,1,0,0,0,1611544.7403770967
1,1,0,1,0,0,1032496.180783721
1,0,0,0,1,1,1051970.697734924
1,0,0,0,0,0,1060006.493790582
0,1,1,1,0,1,1604084.5639375516
0,1,0,0,0,0,1611839.1961585141
0,1,1,0,1,1,1611909.4030639925
1,0,1,0,0,0,1075074.1016326032
0,1,1,0,0,1,1610346.7276509695
0,1,0,0,0,1,1611138.8754198125
0,1,0,1,1,1,1597061.5013834953
0,0,1,1,1,1,1597087.6965310038
