--jitless,--experimental-wasm-modules,--experimental-vm-modules,--preserve-symlinks-main,--no-warnings,--node-memory-debug,ops
0,0,1,1,0,0,452339.082669223
1,0,1,1,1,0,295286.70361977
0,0,0,0,0,0,452741.8571369656
1,0,1,0,1,0,293808.8112231217
0,0,0,1,0,1,450002.4628634792
1,0,0,1,0,1,299324.788947992
1,1,0,0,1,0,297876.8219759807
0,1,1,1,1,1,454076.43239368696
0,0,1,1,1,0,452955.8742598986
0,1,1,1,1,0,446958.57630509953
1,0,1,0,0,1,299061.02303330676
1,0,0,0,0,1,295773.04328523757
0,0,1,0,0,1,453357.0166313451
0,0,1,1,0,1,449311.620158182
1,1,0,1,1,1,293559.3267479635
0,1,0,1,1,0,453462.1018418073
1,0,1,1,0,1,298108.6815464228
0,1,0,0,1,1,450010.9302479832
1,0,0,0,1,0,294874.2896292592
1,0,0,1,1,1,296882.4072624491
1,1,1,0,0,0,292476.12925653555
1,0,1,1,0,0,297023.34943499486
1,0,0,1,1,0,295240.67755646375
0,0,0,1,0,0,432738.78360881505
1,1,1,1,1,0,298615.793900305
1,0,1,1,1,1,294525.2283081447
1,0,0,1,0,0,298171.53426945495
1,1,0,1,1,0,290280.4630006709
1,1,1,1,1,1,292128.05387319
1,1,1,0,1,0,295895.9839238552
0,0,0,1,1,1,446933.5496749148
0,1,1,0,0,0,452445.7875283571
0,0,1,0,1,1,449659.11582996557
1,1,1,1,0,0,297859.0479902084
0,0,0,0,1,1,455060.20996745664
1,1,1,1,0,1,295375.7109393556
1,1,0,0,0,0,295146.948516828
1,1,0,0,0,1,295026.9411772809
0,0,1,0,0,0,447426.24526668113
1,1,0,1,0,0,295768.7655797935
1,0,0,0,1,1,296819.03445568314
1,0,0,0,0,0,297293.24262725044
0,1,1,1,0,1,450520.7428478847
0,1,0,0,0,0,451621.76506462804
0,1,1,0,1,1,447653.26963714353
1,0,1,0,0,0,295088.59424503904
0,1,1,0,0,1,450660.1994812942
0,1,0,0,0,1,455684.0733752429
0,1,0,1,1,1,454006.40036430926
0,0,1,1,1,1,445092.07061741955
