--jitless,--experimental-wasm-modules,--experimental-vm-modules,--preserve-symlinks-main,--no-warnings,--node-memory-debug,ops
0,0,1,1,0,0,1693540.2631568166
1,0,1,1,1,0,400671.9788355958
0,0,0,0,0,0,1641154.1593870537
1,0,1,0,1,0,400115.27673224104
0,0,0,1,0,1,1705300.5112279477
1,0,0,1,0,1,413518.34782687435
1,1,0,0,1,0,411639.28994804283
0,1,1,1,1,1,1646844.66242461
0,0,1,1,1,0,1708925.897691938
0,1,1,1,1,0,1708773.7949121867
1,0,1,0,0,1,414794.2123119795
1,0,0,0,0,1,416418.3066337318
0,0,1,0,0,1,1661128.6906330173
0,0,1,1,0,1,1701367.1035920302
1,1,0,1,1,1,401917.9586076286
0,1,0,1,1,0,1700548.586600691
1,0,1,1,0,1,415393.905797132
0,1,0,0,1,1,1715191.1686041667
1,0,0,0,1,0,419842.5211595792
1,0,0,1,1,1,407165.620126566
1,1,1,0,0,0,415749.15591748094
1,0,1,1,0,0,411142.7400525764
1,0,0,1,1,0,417864.404642065
0,0,0,1,0,0,1705676.9773930255
1,1,1,1,1,0,409177.1734407236
1,0,1,1,1,1,414094.66397483496
1,0,0,1,0,0,414545.5421457111
1,1,0,1,1,0,413321.4626692831
1,1,1,1,1,1,403497.9021706271
1,1,1,0,1,0,414635.98124726344
0,0,0,1,1,1,1706060.557489579
0,1,1,0,0,0,1713405.0201889828
0,0,1,0,1,1,1673652.878722617
1,1,1,1,0,0,415448.53227552783
0,0,0,0,1,1,1701948.799964496
1,1,1,1,0,1,416856.36862075765
1,1,0,0,0,0,409993.97962790343
1,1,0,0,0,1,402998.321861389
0,0,1,0,0,0,1684656.3225545154
1,1,0,1,0,0,418695.4714491099
1,0,0,0,1,1,417606.02810025273
1,0,0,0,0,0,411589.4987455355
0,1,1,1,0,1,1657553.168611954
0,1,0,0,0,0,1699092.998501096
0,1,1,0,1,1,1699802.5351293557
1,0,1,0,0,0,412570.3915689125
0,1,1,0,0,1,1707839.7075276682
0,1,0,0,0,1,1703624.793443799
0,1,0,1,1,1,1716343.3913006973
0,0,1,1,1,1,1699638.029788434
