--jitless,--experimental-wasm-modules,--experimental-vm-modules,--preserve-symlinks-main,--no-warnings,--node-memory-debug,ops
0,0,1,1,0,0,430.1471707250507
1,0,1,1,1,0,121.49821903293609
0,0,0,0,0,0,427.3197114634752
1,0,1,0,1,0,121.68878251580244
0,0,0,1,0,1,431.9310375450008
1,0,0,1,0,1,121.57924041278389
1,1,0,0,1,0,121.4095640675477
0,1,1,1,1,1,431.50268549148336
0,0,1,1,1,0,504.04638355792633
0,1,1,1,1,0,435.0486844710747
1,0,1,0,0,1,121.36942186743944
1,0,0,0,0,1,120.75252160004202
0,0,1,0,0,1,432.62547038502146
0,0,1,1,0,1,432.0932303711626
1,1,0,1,1,1,121.31894070124288
0,1,0,1,1,0,502.52975488729277
1,0,1,1,0,1,122.41601700568052
0,1,0,0,1,1,424.3185660232136
1,0,0,0,1,0,122.49219883933252
1,0,0,1,1,1,121.105231532857
1,1,1,0,0,0,122.26791428520356
1,0,1,1,0,0,118.33302226737327
1,0,0,1,1,0,117.68815441939945
0,0,0,1,0,0,403.82491979996706
1,1,1,1,1,0,122.49215142564033
1,0,1,1,1,1,121.01099653547938
1,0,0,1,0,0,120.71583835450059
1,1,0,1,1,0,123.29689870521588
1,1,1,1,1,1,122.02961967360356
1,1,1,0,1,0,121.13158529925374
0,0,0,1,1,1,422.7547650845622
0,1,1,0,0,0,434.92338015701046
0,0,1,0,1,1,433.6796218854929
1,1,1,1,0,0,120.83369059827854
0,0,0,0,1,1,434.6509359190822
1,1,1,1,0,1,121.25429595482767
1,1,0,0,0,0,121.70427915507184
1,1,0,0,0,1,121.57115782829193
0,0,1,0,0,0,435.5254029511515
1,1,0,1,0,0,121.08525732600559
1,0,0,0,1,1,121.87448971151157
1,0,0,0,0,0,122.73619712163783
0,1,1,1,0,1,497.4089965370386
0,1,0,0,0,0,512.4945872884164
0,1,1,0,1,1,434.0802216017731
1,0,1,0,0,0,121.4745391989689
0,1,1,0,0,1,436.70850840759084
0,1,0,0,0,1,430.6824444136688
0,1,0,1,1,1,435.9341572023908
0,0,1,1,1,1,436.3386225777556
