--jitless,--experimental-wasm-modules,--experimental-vm-modules,--preserve-symlinks-main,--no-warnings,--node-memory-debug,ops
0,0,1,1,0,0,222264.6382419359
1,0,1,1,1,0,220650.06061790316
0,0,0,0,0,0,222224.53054527877
1,0,1,0,1,0,222294.13683435594
0,0,0,1,0,1,222229.7743117078
1,0,0,1,0,1,222241.54075891583
1,1,0,0,1,0,222281.95247063253
0,1,1,1,1,1,222207.43450328495
0,0,1,1,1,0,222210.25062120776
0,1,1,1,1,0,222249.18178856256
1,0,1,0,0,1,222270.1197959343
1,0,0,0,0,1,222258.53958478736
0,0,1,0,0,1,222271.59103241767
0,0,1,1,0,1,222221.09002353688
1,1,0,1,1,1,222228.49481643736
0,1,0,1,1,0,222229.81086650552
1,0,1,1,0,1,222233.31198496366
0,1,0,0,1,1,222203.43205262162
1,0,0,0,1,0,222274.1147833957
1,0,0,1,1,1,222280.95898588182
1,1,1,0,0,0,222202.0218328851
1,0,1,1,0,0,222241.4621838065
1,0,0,1,1,0,222299.7748094205
0,0,0,1,0,0,222223.52992744962
1,1,1,1,1,0,222248.36942826596
1,0,1,1,1,1,222285.70454796831
1,0,0,1,0,0,222265.3553942138
1,1,0,1,1,0,222214.0011307174
1,1,1,1,1,1,222272.39775590025
1,1,1,0,1,0,222205.05977682723
0,0,0,1,1,1,222258.96803297172
0,1,1,0,0,0,222219.77079422868
0,0,1,0,1,1,222223.96351484096
1,1,1,1,0,0,222273.85520510227
0,0,0,0,1,1,222262.3563398556
1,1,1,1,0,1,222277.1553694301
1,1,0,0,0,0,222237.20339369407
1,1,0,0,0,1,222297.87252106357
0,0,1,0,0,0,222149.54940789117
1,1,0,1,0,0,222251.72262284585
1,0,0,0,1,1,222262.3102586308
1,0,0,0,0,0,222190.4051345729
0,1,1,1,0,1,222225.03558233424
0,1,0,0,0,0,222227.76994485332
0,1,1,0,1,1,222230.37030380024
1,0,1,0,0,0,222237.85552841675
0,1,1,0,0,1,222259.5360919096
0,1,0,0,0,1,222232.78764716262
0,1,0,1,1,1,222231.2427494106
0,0,1,1,1,1,222236.51160904122
