--jitless,--experimental-wasm-modules,--experimental-vm-modules,--preserve-symlinks-main,--no-warnings,--node-memory-debug,ops
0,0,1,1,0,0,252.46809553355166
1,0,1,1,1,0,263.8038081560702
0,0,0,0,0,0,257.0962309490465
1,0,1,0,1,0,265.35900726981225
0,0,0,1,0,1,251.75919411831612
1,0,0,1,0,1,259.8002509922431
1,1,0,0,1,0,254.2551938852462
0,1,1,1,1,1,253.07350162869324
0,0,1,1,1,0,250.53368478843345
0,1,1,1,1,0,250.58150162525973
1,0,1,0,0,1,260.0699222120356
1,0,0,0,0,1,261.5212517985444
0,0,1,0,0,1,254.32087847279797
0,0,1,1,0,1,257.5702578146327
1,1,0,1,1,1,264.03817334003367
0,1,0,1,1,0,258.5952667309389
1,0,1,1,0,1,259.01755152453285
0,1,0,0,1,1,252.81058482970147
1,0,0,0,1,0,256.2344214516373
1,0,0,1,1,1,259.629999869606
1,1,1,0,0,0,263.5845590625967
1,0,1,1,0,0,260.70570803001453
1,0,0,1,1,0,260.6879042166196
0,0,0,1,0,0,253.55403611744282
1,1,1,1,1,0,258.5994288808339
1,0,1,1,1,1,264.2992056859771
1,0,0,1,0,0,258.1113966855317
1,1,0,1,1,0,266.58033167609767
1,1,1,1,1,1,262.23765374380986
1,1,1,0,1,0,260.1422006570674
0,0,0,1,1,1,254.58044198921317
0,1,1,0,0,0,253.24544997002297
0,0,1,0,1,1,253.5937184267896
1,1,1,1,0,0,260.2145170539316
0,0,0,0,1,1,254.8242742965754
1,1,1,1,0,1,256.5538469012625
1,1,0,0,0,0,256.34485370168363
1,1,0,0,0,1,260.6037534905075
0,0,1,0,0,0,255.85002063603116
1,1,0,1,0,0,263.84520663983244
1,0,0,0,1,1,263.4242804607927
1,0,0,0,0,0,258.2038539897651
0,1,1,1,0,1,259.83214414765024
0,1,0,0,0,0,252.23327410254544
0,1,1,0,1,1,251.88403686641766
1,0,1,0,0,0,262.38782940627937
0,1,1,0,0,1,256.42923585577057
0,1,0,0,0,1,252.63403903913587
0,1,0,1,1,1,260.72240041313506
0,0,1,1,1,1,253.78738770543833
