--jitless,--experimental-wasm-modules,--experimental-vm-modules,--preserve-symlinks-main,--no-warnings,--node-memory-debug,ops
0,0,1,1,0,0,254.64279370715383
1,0,1,1,1,0,260.56078317511265
0,0,0,0,0,0,253.06241187515897
1,0,1,0,1,0,266.89292161798176
0,0,0,1,0,1,258.7243507557494
1,0,0,1,0,1,265.17879919727153
1,1,0,0,1,0,264.28033260372274
0,1,1,1,1,1,257.70092805100774
0,0,1,1,1,0,260.1304047401822
0,1,1,1,1,0,258.4805762701825
1,0,1,0,0,1,260.9057734029997
1,0,0,0,0,1,257.38035842043854
0,0,1,0,0,1,255.9924279323922
0,0,1,1,0,1,255.58382983195077
1,1,0,1,1,1,260.7931063706964
0,1,0,1,1,0,254.2142078122302
1,0,1,1,0,1,260.7958729666495
0,1,0,0,1,1,254.2924260175233
1,0,0,0,1,0,259.9611917766732
1,0,0,1,1,1,257.33983261653293
1,1,1,0,0,0,262.4887081656
1,0,1,1,0,0,266.2675292970961
1,0,0,1,1,0,261.6529377540302
0,0,0,1,0,0,253.60149339528704
1,1,1,1,1,0,262.6950667469693
1,0,1,1,1,1,262.09523993240094
1,0,0,1,0,0,261.2330511771083
1,1,0,1,1,0,260.08949474043317
1,1,1,1,1,1,258.6151914293194
1,1,1,0,1,0,258.84116580734775
0,0,0,1,1,1,254.4914954632646
0,1,1,0,0,0,252.73430547150915
0,0,1,0,1,1,256.51418214455924
1,1,1,1,0,0,263.13365444912006
0,0,0,0,1,1,258.5441944741012
1,1,1,1,0,1,262.71018445529893
1,1,0,0,0,0,254.76197712037202
1,1,0,0,0,1,264.24867690614803
0,0,1,0,0,0,260.7746506369539
1,1,0,1,0,0,263.3083666683503
1,0,0,0,1,1,263.8953908241627
1,0,0,0,0,0,264.4098981490005
0,1,1,1,0,1,254.91247723355
0,1,0,0,0,0,258.27643444294205
0,1,1,0,1,1,259.6779897676994
1,0,1,0,0,0,264.6947191022875
0,1,1,0,0,1,253.15000929618728
0,1,0,0,0,1,253.26927444566326
0,1,0,1,1,1,254.95053431504257
0,0,1,1,1,1,261.7004396043199
