--jitless,--experimental-wasm-modules,--experimental-vm-modules,--preserve-symlinks-main,--no-warnings,--node-memory-debug,ops
0,0,1,1,0,0,253.31199711375095
1,0,1,1,1,0,256.2868727468266
0,0,0,0,0,0,249.68852910305486
1,0,1,0,1,0,261.15548471417054
0,0,0,1,0,1,256.34017984082607
1,0,0,1,0,1,260.1093933439955
1,1,0,0,1,0,259.26662681978866
0,1,1,1,1,1,257.60266605941064
0,0,1,1,1,0,255.74022999141366
0,1,1,1,1,0,254.14750680275424
1,0,1,0,0,1,257.6013496336464
1,0,0,0,0,1,260.0601693464024
0,0,1,0,0,1,250.8026640808738
0,0,1,1,0,1,253.50186461775507
1,1,0,1,1,1,261.3426112288011
0,1,0,1,1,0,256.79526606288266
1,0,1,1,0,1,256.7033953640591
0,1,0,0,1,1,252.27213476919118
1,0,0,0,1,0,258.87228946326104
1,0,0,1,1,1,263.7680882662579
1,1,1,0,0,0,254.4893719359575
1,0,1,1,0,0,261.18375232856613
1,0,0,1,1,0,256.6358175785696
0,0,0,1,0,0,254.20215242179825
1,1,1,1,1,0,263.62902540500676
1,0,1,1,1,1,259.84283995668466
1,0,0,1,0,0,256.8934319846106
1,1,0,1,1,0,260.74048448422
1,1,1,1,1,1,262.1912311324706
1,1,1,0,1,0,256.3656596974433
0,0,0,1,1,1,251.8490412202829
0,1,1,0,0,0,257.0631823925334
0,0,1,0,1,1,253.561068957237
1,1,1,1,0,0,259.61697188858756
0,0,0,0,1,1,252.23072951771994
1,1,1,1,0,1,258.5869595498767
1,1,0,0,0,0,261.378419246851
1,1,0,0,0,1,258.8940382832559
0,0,1,0,0,0,262.9157486404607
1,1,0,1,0,0,254.76074389180337
1,0,0,0,1,1,255.01921695014153
1,0,0,0,0,0,264.2692351923863
0,1,1,1,0,1,250.96487354411943
0,1,0,0,0,0,251.51253881204426
0,1,1,0,1,1,252.21192360202315
1,0,1,0,0,0,259.9811291501493
0,1,1,0,0,1,250.19985069609137
0,1,0,0,0,1,257.31457562054607
0,1,0,1,1,1,254.33216457267616
0,0,1,1,1,1,255.19126466622794
