--jitless,--experimental-wasm-modules,--experimental-vm-modules,--preserve-symlinks-main,--no-warnings,--node-memory-debug,ops
0,0,1,1,0,0,252.32715213480492
1,0,1,1,1,0,253.03239333857206
0,0,0,0,0,0,249.59631988476815
1,0,1,0,1,0,257.9222510077382
0,0,0,1,0,1,248.79084328804254
1,0,0,1,0,1,252.5854280694169
1,1,0,0,1,0,261.49258861375137
0,1,1,1,1,1,251.0814148094044
0,0,1,1,1,0,251.95443987985163
0,1,1,1,1,0,249.9293327935643
1,0,1,0,0,1,255.11744164451738
1,0,0,0,0,1,258.17669200285957
0,0,1,0,0,1,251.29760060460396
0,0,1,1,0,1,248.57266159836124
1,1,0,1,1,1,257.9964677796475
0,1,0,1,1,0,253.160165626565
1,0,1,1,0,1,252.77485160554062
0,1,0,0,1,1,248.4127005991245
1,0,0,0,1,0,257.43392531803056
1,0,0,1,1,1,248.481512085937
1,1,1,0,0,0,250.72536735484147
1,0,1,1,0,0,256.39029221857675
1,0,0,1,1,0,256.6871417366386
0,0,0,1,0,0,248.6440720789775
1,1,1,1,1,0,262.0837357179185
1,0,1,1,1,1,257.1295124664483
1,0,0,1,0,0,260.2536258352323
1,1,0,1,1,0,250.27659950342533
1,1,1,1,1,1,249.8100149246171
1,1,1,0,1,0,255.24400766361558
0,0,0,1,1,1,253.9547892369563
0,1,1,0,0,0,252.3176471580853
0,0,1,0,1,1,250.2766167916184
1,1,1,1,0,0,259.36788540192475
0,0,0,0,1,1,241.22788061581915
1,1,1,1,0,1,253.36966137065454
1,1,0,0,0,0,252.61859369218513
1,1,0,0,0,1,254.2535871910816
0,0,1,0,0,0,252.60050521379202
1,1,0,1,0,0,256.46533628684455
1,0,0,0,1,1,248.48778002922228
1,0,0,0,0,0,257.61539071999744
0,1,1,1,0,1,254.6554999934519
0,1,0,0,0,0,245.2339552066379
0,1,1,0,1,1,250.7088116616257
1,0,1,0,0,0,255.68837045054656
0,1,1,0,0,1,248.55691082600342
0,1,0,0,0,1,254.09015794022903
0,1,0,1,1,1,245.973210693583
0,0,1,1,1,1,248.50600395910573
