--jitless,--experimental-wasm-modules,--experimental-vm-modules,--preserve-symlinks-main,--no-warnings,--node-memory-debug,ops
0,0,1,1,0,0,251.4761217062609
1,0,1,1,1,0,250.57564956964939
0,0,0,0,0,0,255.2896335002641
1,0,1,0,1,0,256.7600772023633
0,0,0,1,0,1,254.42797951289018
1,0,0,1,0,1,255.77960830671984
1,1,0,0,1,0,255.49339236384165
0,1,1,1,1,1,251.91148025462573
0,0,1,1,1,0,252.37292659981057
0,1,1,1,1,0,248.98592396646777
1,0,1,0,0,1,253.9110283873495
1,0,0,0,0,1,252.7852973567397
0,0,1,0,0,1,249.57162010976768
0,0,1,1,0,1,245.05372923702487
1,1,0,1,1,1,256.9795493338696
0,1,0,1,1,0,248.74020968857383
1,0,1,1,0,1,254.1338141934092
0,1,0,0,1,1,250.81336510713624
1,0,0,0,1,0,254.58736887483613
1,0,0,1,1,1,255.13853018218776
1,1,1,0,0,0,257.2210997593581
1,0,1,1,0,0,248.41428424394638
1,0,0,1,1,0,256.8170209877367
0,0,0,1,0,0,249.3337753525827
1,1,1,1,1,0,252.06998675793176
1,0,1,1,1,1,253.6003803869776
1,0,0,1,0,0,250.67262169894457
1,1,0,1,1,0,249.31423787783575
1,1,1,1,1,1,253.88668486726488
1,1,1,0,1,0,250.0056087508295
0,0,0,1,1,1,253.36533397971357
0,1,1,0,0,0,245.0852517725352
0,0,1,0,1,1,247.97065367295545
1,1,1,1,0,0,256.84307116505516
0,0,0,0,1,1,250.37114003796108
1,1,1,1,0,1,251.14295907826823
1,1,0,0,0,0,260.99286605440636
1,1,0,0,0,1,257.46891067344956
0,0,1,0,0,0,247.3814513198306
1,1,0,1,0,0,248.98080863745022
1,0,0,0,1,1,256.05884328906603
1,0,0,0,0,0,262.4769680069632
0,1,1,1,0,1,240.89253283126195
0,1,0,0,0,0,248.79338176704064
0,1,1,0,1,1,248.5312424896965
1,0,1,0,0,0,249.8268212966113
0,1,1,0,0,1,248.78086071161192
0,1,0,0,0,1,248.71740302814004
0,1,0,1,1,1,252.80753230860543
0,0,1,1,1,1,242.91817410157026
