--jitless,--experimental-wasm-modules,--experimental-vm-modules,--preserve-symlinks-main,--no-warnings,--node-memory-debug,ops
0,0,1,1,0,0,267.7993342343051
1,0,1,1,1,0,278.0536617713789
0,0,0,0,0,0,281.55007951493707
1,0,1,0,1,0,278.8440597245841
0,0,0,1,0,1,281.965188752615
1,0,0,1,0,1,283.9603489626893
1,1,0,0,1,0,279.79180037421344
0,1,1,1,1,1,278.0578665480878
0,0,1,1,1,0,283.2647440472701
0,1,1,1,1,0,274.95091787926225
1,0,1,0,0,1,280.60777201007335
1,0,0,0,0,1,275.9609252487665
0,0,1,0,0,1,277.73344056562223
0,0,1,1,0,1,272.1878658592785
1,1,0,1,1,1,280.51825143276926
0,1,0,1,1,0,280.720315810243
1,0,1,1,0,1,285.7113154594502
0,1,0,0,1,1,272.2775877020493
1,0,0,0,1,0,284.07680774414285
1,0,0,1,1,1,280.5234031576478
1,1,1,0,0,0,284.18758914359
1,0,1,1,0,0,283.5210130070612
1,0,0,1,1,0,274.56175487098903
0,0,0,1,0,0,280.2328756606532
1,1,1,1,1,0,289.48351374512333
1,0,1,1,1,1,285.84773462757516
1,0,0,1,0,0,280.3931388610939
1,1,0,1,1,0,286.1580234393651
1,1,1,1,1,1,278.8059396575381
1,1,1,0,1,0,282.02051970133334
0,0,0,1,1,1,273.7704801693797
0,1,1,0,0,0,282.74669195771736
0,0,1,0,1,1,278.81592533129293
1,1,1,1,0,0,278.5764369220828
0,0,0,0,1,1,274.5244689756386
1,1,1,1,0,1,279.5854120970039
1,1,0,0,0,0,281.495909302009
1,1,0,0,0,1,275.8080171374657
0,0,1,0,0,0,274.0547907954
1,1,0,1,0,0,284.0392363018534
1,0,0,0,1,1,279.1958692039754
1,0,0,0,0,0,273.27141307537397
0,1,1,1,0,1,278.3861498783683
0,1,0,0,0,0,273.91717458633013
0,1,1,0,1,1,272.4989761321033
1,0,1,0,0,0,284.2653953091678
0,1,1,0,0,1,278.0826198246371
0,1,0,0,0,1,278.5210459265967
0,1,0,1,1,1,278.1246546152434
0,0,1,1,1,1,275.79350647156554
