--jitless,--experimental-wasm-modules,--experimental-vm-modules,--preserve-symlinks-main,--no-warnings,--node-memory-debug,ops
0,0,1,1,0,0,280.9722856231502
1,0,1,1,1,0,279.53001423436433
0,0,0,0,0,0,276.63961776420734
1,0,1,0,1,0,281.58989975866444
0,0,0,1,0,1,269.4269794803887
1,0,0,1,0,1,281.1259188294581
1,1,0,0,1,0,280.34511110028114
0,1,1,1,1,1,266.5325638278791
0,0,1,1,1,0,275.1862700156317
0,1,1,1,1,0,275.0479786198847
1,0,1,0,0,1,278.71072803005313
1,0,0,0,0,1,277.9553979170924
0,0,1,0,0,1,277.45730056861305
0,0,1,1,0,1,275.40719413582997
1,1,0,1,1,1,282.14000656850715
0,1,0,1,1,0,277.4685095272686
1,0,1,1,0,1,281.22618806014617
0,1,0,0,1,1,275.321910693654
1,0,0,0,1,0,282.6304816760254
1,0,0,1,1,1,283.8609836295849
1,1,1,0,0,0,282.3909909771315
1,0,1,1,0,0,278.7196570504014
1,0,0,1,1,0,277.62248963819866
0,0,0,1,0,0,279.0160265672855
1,1,1,1,1,0,277.63249847533604
1,0,1,1,1,1,279.09242925383626
1,0,0,1,0,0,276.6632504021066
1,1,0,1,1,0,278.9775133670939
1,1,1,1,1,1,277.7642056785912
1,1,1,0,1,0,279.63300262297656
0,0,0,1,1,1,279.5774563840828
0,1,1,0,0,0,273.8039999376888
0,0,1,0,1,1,276.27185336467807
1,1,1,1,0,0,284.39092042501704
0,0,0,0,1,1,280.1257777291639
1,1,1,1,0,1,281.20680053676506
1,1,0,0,0,0,277.7137096106841
1,1,0,0,0,1,281.96498768621257
0,0,1,0,0,0,278.80901643154806
1,1,0,1,0,0,276.6079526492505
1,0,0,0,1,1,283.0889990578294
1,0,0,0,0,0,284.5872319723228
0,1,1,1,0,1,277.5348952727845
0,1,0,0,0,0,280.7741074105138
0,1,1,0,1,1,282.75987257876494
1,0,1,0,0,0,283.06294213311696
0,1,1,0,0,1,277.7972115447067
0,1,0,0,0,1,268.93796988431967
0,1,0,1,1,1,270.5685465716702
0,0,1,1,1,1,280.8390433307633
