--jitless,--experimental-wasm-modules,--experimental-vm-modules,--preserve-symlinks-main,--no-warnings,--node-memory-debug,ops
0,0,1,1,0,0,260.2982556344585
1,0,1,1,1,0,265.7340818351314
0,0,0,0,0,0,256.6976595197889
1,0,1,0,1,0,263.1695959496296
0,0,0,1,0,1,268.21510709757075
1,0,0,1,0,1,266.46765355868433
1,1,0,0,1,0,266.04531251837375
0,1,1,1,1,1,262.96275637260396
0,0,1,1,1,0,261.8562793206351
0,1,1,1,1,0,266.12422679066265
1,0,1,0,0,1,267.4876009506297
1,0,0,0,0,1,267.5400739253944
0,0,1,0,0,1,261.5064508073942
0,0,1,1,0,1,253.04003967402636
1,1,0,1,1,1,259.9570448746757
0,1,0,1,1,0,261.4467852473481
1,0,1,1,0,1,262.2495767645868
0,1,0,0,1,1,262.74933673521485
1,0,0,0,1,0,265.62631076208334
1,0,0,1,1,1,266.5852378147845
1,1,1,0,0,0,265.60592668900114
1,0,1,1,0,0,265.2512837652189
1,0,0,1,1,0,265.76085142025084
0,0,0,1,0,0,260.5039009431478
1,1,1,1,1,0,260.2953701765137
1,0,1,1,1,1,262.71888615456356
1,0,0,1,0,0,265.55146995560773
1,1,0,1,1,0,258.9525978390171
1,1,1,1,1,1,267.97170595338974
1,1,1,0,1,0,266.3675923304092
0,0,0,1,1,1,265.14226655739714
0,1,1,0,0,0,260.17789896961443
0,0,1,0,1,1,266.4146124412311
1,1,1,1,0,0,270.18049783438533
0,0,0,0,1,1,260.27163917479504
1,1,1,1,0,1,267.3807093465299
1,1,0,0,0,0,272.3678982410174
1,1,0,0,0,1,263.0367598714427
0,0,1,0,0,0,256.5356693976251
1,1,0,1,0,0,264.47140407518793
1,0,0,0,1,1,263.3627991033465
1,0,0,0,0,0,272.50433400839216
0,1,1,1,0,1,258.0840124280532
0,1,0,0,0,0,254.9583273762639
0,1,1,0,1,1,264.49519986837663
1,0,1,0,0,0,272.99740134783747
0,1,1,0,0,1,264.49014083337477
0,1,0,0,0,1,257.40998544372786
0,1,0,1,1,1,259.8441172741909
0,0,1,1,1,1,259.6189216111496
