--jitless,--experimental-wasm-modules,--experimental-vm-modules,--preserve-symlinks-main,--no-warnings,--node-memory-debug,ops
0,0,1,1,0,0,613.1188249984358
1,0,1,1,1,0,648.1592679181362
0,0,0,0,0,0,613.5484496830584
1,0,1,0,1,0,654.6095896072119
0,0,0,1,0,1,609.0291870908394
1,0,0,1,0,1,644.4353818732576
1,1,0,0,1,0,653.2403169446767
0,1,1,1,1,1,616.0453066281382
0,0,1,1,1,0,612.5603897096663
0,1,1,1,1,0,622.0026261141581
1,0,1,0,0,1,645.9591306730352
1,0,0,0,0,1,647.0536529872342
0,0,1,0,0,1,607.6499408012209
0,0,1,1,0,1,614.0487544392181
1,1,0,1,1,1,648.4094650167098
0,1,0,1,1,0,620.0021345407448
1,0,1,1,0,1,652.6490533133237
0,1,0,0,1,1,611.1667693394692
1,0,0,0,1,0,654.1593798838577
1,0,0,1,1,1,646.1849669503343
1,1,1,0,0,0,655.2495190366377
1,0,1,1,0,0,655.193523647207
1,0,0,1,1,0,650.8463606738065
0,0,0,1,0,0,611.533239102954
1,1,1,1,1,0,654.4458845179495
1,0,1,1,1,1,647.2882695454267
1,0,0,1,0,0,650.1548588930841
1,1,0,1,1,0,657.2135497375457
1,1,1,1,1,1,650.3025111219052
1,1,1,0,1,0,653.7991441366776
0,0,0,1,1,1,612.3570731319988
0,1,1,0,0,0,621.4474685557606
0,0,1,0,1,1,611.7663663918843
1,1,1,1,0,0,651.3410544501306
0,0,0,0,1,1,612.9228810229364
1,1,1,1,0,1,648.8160281622453
1,1,0,0,0,0,648.6226715490658
1,1,0,0,0,1,645.6182562627502
0,0,1,0,0,0,610.2525970310622
1,1,0,1,0,0,652.7503879564587
1,0,0,0,1,1,650.9890024743409
1,0,0,0,0,0,651.2293839436068
0,1,1,1,0,1,609.2126185716149
0,1,0,0,0,0,615.1192193167905
0,1,1,0,1,1,613.1740279812022
1,0,1,0,0,0,650.5752052144609
0,1,1,0,0,1,610.6047970204567
0,1,0,0,0,1,609.7561322650228
0,1,0,1,1,1,615.2563051398625
0,0,1,1,1,1,609.9022050898544
