--jitless,--experimental-wasm-modules,--experimental-vm-modules,--preserve-symlinks-main,--no-warnings,--node-memory-debug,ops
0,0,1,1,0,0,268471.1723843465
1,0,1,1,1,0,162365.80750150164
0,0,0,0,0,0,277816.8573490449
1,0,1,0,1,0,176396.1708413143
0,0,0,1,0,1,264458.9597445993
1,0,0,1,0,1,171764.79020876114
1,1,0,0,1,0,173205.6940159468
0,1,1,1,1,1,270611.3100021553
0,0,1,1,1,0,308443.4671858716
0,1,1,1,1,0,270594.8890632663
1,0,1,0,0,1,147687.15745486852
1,0,0,0,0,1,172850.63732709168
0,0,1,0,0,1,266580.69616935664
0,0,1,1,0,1,267278.79569199507
1,1,0,1,1,1,171477.98452459203
0,1,0,1,1,0,261943.86762949548
1,0,1,1,0,1,174119.24911979237
0,1,0,0,1,1,267468.58741921914
1,0,0,0,1,0,170293.27337057414
1,0,0,1,1,1,171815.50780657504
1,1,1,0,0,0,172323.12143069273
1,0,1,1,0,0,173312.76492101804
1,0,0,1,1,0,160881.1874492435
0,0,0,1,0,0,269564.3867813873
1,1,1,1,1,0,170706.80161107617
1,0,1,1,1,1,171476.99065152032
1,0,0,1,0,0,151152.70793326048
1,1,0,1,1,0,163452.6508808128
1,1,1,1,1,1,173591.99790884135
1,1,1,0,1,0,170253.6181319967
0,0,0,1,1,1,264865.384287359
0,1,1,0,0,0,267095.204897212
0,0,1,0,1,1,263400.8924575378
1,1,1,1,0,0,172689.23541132995
0,0,0,0,1,1,266345.34409228247
1,1,1,1,0,1,173061.6883233756
1,1,0,0,0,0,172316.06315693882
1,1,0,0,0,1,173393.61200420622
0,0,1,0,0,0,300533.9406202636
1,1,0,1,0,0,172777.7673439204
1,0,0,0,1,1,169158.4524308924
1,0,0,0,0,0,171223.01086589787
0,1,1,1,0,1,262913.0638648828
0,1,0,0,0,0,260891.27817759514
0,1,1,0,1,1,293115.82029033883
1,0,1,0,0,0,173376.59518603934
0,1,1,0,0,1,263499.91068670526
0,1,0,0,0,1,266426.6233837079
0,1,0,1,1,1,245682.01875047624
0,0,1,1,1,1,309072.9890390046
