--jitless,--experimental-wasm-modules,--experimental-vm-modules,--preserve-symlinks-main,--no-warnings,--node-memory-debug,ops
0,0,1,1,0,0,333206.47607445053
1,0,1,1,1,0,186735.80298342003
0,0,0,0,0,0,324288.8313499612
1,0,1,0,1,0,186459.25784106395
0,0,0,1,0,1,338854.2862186945
1,0,0,1,0,1,185450.26745405758
1,1,0,0,1,0,185456.8829530982
0,1,1,1,1,1,333517.4349574298
0,0,1,1,1,0,390091.9758860744
0,1,1,1,1,0,309656.7990089248
1,0,1,0,0,1,184093.82923743586
1,0,0,0,0,1,185005.7758340701
0,0,1,0,0,1,332810.82588354324
0,0,1,1,0,1,332512.4764084476
1,1,0,1,1,1,166354.54395357377
0,1,0,1,1,0,327836.0795997803
1,0,1,1,0,1,185986.01513496536
0,1,0,0,1,1,336824.462752351
1,0,0,0,1,0,184788.15244065374
1,0,0,1,1,1,184097.26749672624
1,1,1,0,0,0,184888.47171475858
1,0,1,1,0,0,158208.61273765386
1,0,0,1,1,0,186367.56312819148
0,0,0,1,0,0,331940.5550231967
1,1,1,1,1,0,184795.0861803896
1,0,1,1,1,1,184756.3076311505
1,0,0,1,0,0,185193.3354066962
1,1,0,1,1,0,185953.36196705184
1,1,1,1,1,1,187668.62495123432
1,1,1,0,1,0,185147.3259856753
0,0,0,1,1,1,328727.6021242838
0,1,1,0,0,0,329684.66370738414
0,0,1,0,1,1,327759.60104970256
1,1,1,1,0,0,185402.01455789595
0,0,0,0,1,1,332144.7809135659
1,1,1,1,0,1,158367.38806258462
1,1,0,0,0,0,186567.36606170208
1,1,0,0,0,1,186140.50132606959
0,0,1,0,0,0,330007.6591477612
1,1,0,1,0,0,166739.98779730074
1,0,0,0,1,1,184124.3205202661
1,0,0,0,0,0,155763.77121909498
0,1,1,1,0,1,322219.2710517208
0,1,0,0,0,0,329725.5369576248
0,1,1,0,1,1,337001.59002405195
1,0,1,0,0,0,163463.9688878374
0,1,1,0,0,1,333221.26546806865
0,1,0,0,0,1,323898.315751431
0,1,0,1,1,1,323776.76530984504
0,0,1,1,1,1,334944.80302239454
