--jitless,--experimental-wasm-modules,--experimental-vm-modules,--preserve-symlinks-main,--no-warnings,--node-memory-debug,ops
0,0,1,1,0,0,334072.71420015825
1,0,1,1,1,0,185569.13459759852
0,0,0,0,0,0,334844.43044050626
1,0,1,0,1,0,185176.16470553225
0,0,0,1,0,1,371744.8763983601
1,0,0,1,0,1,164743.37969050038
1,1,0,0,1,0,185100.21732986718
0,1,1,1,1,1,327687.82910712704
0,0,1,1,1,0,381257.25604043977
0,1,1,1,1,0,333597.7540331051
1,0,1,0,0,1,185020.39539950117
1,0,0,0,0,1,157863.08570884983
0,0,1,0,0,1,341278.8510315085
0,0,1,1,0,1,330536.7609598801
1,1,0,1,1,1,184203.79512131828
0,1,0,1,1,0,335269.10450108326
1,0,1,1,0,1,182082.72484321403
0,1,0,0,1,1,332974.88032508205
1,0,0,0,1,0,172226.4908557981
1,0,0,1,1,1,187245.01033007316
1,1,1,0,0,0,184995.8966985133
1,0,1,1,0,0,184423.7847592959
1,0,0,1,1,0,163989.37476763217
0,0,0,1,0,0,337847.2541886725
1,1,1,1,1,0,185077.4170044152
1,0,1,1,1,1,186997.51139036904
1,0,0,1,0,0,184741.46526529302
1,1,0,1,1,0,187829.8909201387
1,1,1,1,1,1,181871.534659563
1,1,1,0,1,0,174420.98316520939
0,0,0,1,1,1,337953.4498862685
0,1,1,0,0,0,333371.01537043735
0,0,1,0,1,1,381143.80952322873
1,1,1,1,0,0,185178.6079153707
0,0,0,0,1,1,327163.9696414083
1,1,1,1,0,1,187986.70050489937
1,1,0,0,0,0,157947.75075769116
1,1,0,0,0,1,184741.99256616697
0,0,1,0,0,0,340224.48964455316
1,1,0,1,0,0,186480.56378818036
1,0,0,0,1,1,183643.79479921507
1,0,0,0,0,0,185796.3968393283
0,1,1,1,0,1,332811.1415585233
0,1,0,0,0,0,332746.4240989601
0,1,1,0,1,1,335579.1464339707
1,0,1,0,0,0,187081.66668512538
0,1,1,0,0,1,325924.84433829435
0,1,0,0,0,1,341789.3850060552
0,1,0,1,1,1,324824.31146259845
0,0,1,1,1,1,338861.2962606876
