--jitless,--experimental-wasm-modules,--experimental-vm-modules,--preserve-symlinks-main,--no-warnings,--node-memory-debug,ops
0,0,1,1,0,0,337979.10396872635
1,0,1,1,1,0,186747.23066695794
0,0,0,0,0,0,336504.23517500306
1,0,1,0,1,0,190529.30097247777
0,0,0,1,0,1,396125.6926629104
1,0,0,1,0,1,188849.29873173533
1,1,0,0,1,0,188585.86325669228
0,1,1,1,1,1,336483.56537716684
0,0,1,1,1,0,343025.5076168642
0,1,1,1,1,0,348199.55671759037
1,0,1,0,0,1,180395.30239087276
1,0,0,0,0,1,189393.90890438965
0,0,1,0,0,1,330550.2052791149
0,0,1,1,0,1,341336.31597557385
1,1,0,1,1,1,190726.7254698777
0,1,0,1,1,0,342230.70422009815
1,0,1,1,0,1,187399.89624604743
0,1,0,0,1,1,342352.87663288414
1,0,0,0,1,0,190288.56957113752
1,0,0,1,1,1,189353.604924345
1,1,1,0,0,0,187322.1791530027
1,0,1,1,0,0,187233.3901842558
1,0,0,1,1,0,160832.79349136062
0,0,0,1,0,0,338560.28086960904
1,1,1,1,1,0,189831.13704086325
1,0,1,1,1,1,190145.9016123498
1,0,0,1,0,0,168275.87200304458
1,1,0,1,1,0,189213.48957082207
1,1,1,1,1,1,177936.63644347654
1,1,1,0,1,0,190400.93858523478
0,0,0,1,1,1,349722.15274408786
0,1,1,0,0,0,345420.00533812074
0,0,1,0,1,1,320124.6181113384
1,1,1,1,0,0,189917.199044933
0,0,0,0,1,1,341101.667995684
1,1,1,1,0,1,189595.96682358766
1,1,0,0,0,0,162180.42762324185
1,1,0,0,0,1,190238.30924713417
0,0,1,0,0,0,332445.2501735281
1,1,0,1,0,0,188892.78679648487
1,0,0,0,1,1,188940.1609505655
1,0,0,0,0,0,189713.66800658268
0,1,1,1,0,1,340985.7352027535
0,1,0,0,0,0,335233.04311650066
0,1,1,0,1,1,340295.95300825965
1,0,1,0,0,0,188772.22094444404
0,1,1,0,0,1,341139.439500737
0,1,0,0,0,1,343310.9803554024
0,1,0,1,1,1,330914.61772470357
0,0,1,1,1,1,346643.33387276815
