--jitless,--experimental-wasm-modules,--experimental-vm-modules,--preserve-symlinks-main,--no-warnings,--node-memory-debug,ops
0,0,1,1,0,0,334975.8932086133
1,0,1,1,1,0,185159.78914854946
0,0,0,0,0,0,327068.7457947136
1,0,1,0,1,0,186219.51908865062
0,0,0,1,0,1,326764.4155185322
1,0,0,1,0,1,185415.46088674758
1,1,0,0,1,0,184912.26837426983
0,1,1,1,1,1,324561.4594529182
0,0,1,1,1,0,323945.31705864455
0,1,1,1,1,0,324164.7336453462
1,0,1,0,0,1,184932.2731782553
1,0,0,0,0,1,186242.51324885007
0,0,1,0,0,1,341174.02998977725
0,0,1,1,0,1,323285.89333760634
1,1,0,1,1,1,184263.2750726025
0,1,0,1,1,0,335214.147284012
1,0,1,1,0,1,168455.19193809837
0,1,0,0,1,1,327844.5113476739
1,0,0,0,1,0,184040.0064693743
1,0,0,1,1,1,165416.8431664383
1,1,1,0,0,0,185013.1914405497
1,0,1,1,0,0,184745.2110438766
1,0,0,1,1,0,185846.57010816075
0,0,0,1,0,0,343437.21616523946
1,1,1,1,1,0,184475.1846103127
1,0,1,1,1,1,186322.2546990193
1,0,0,1,0,0,186968.85944835682
1,1,0,1,1,0,185329.96048867176
1,1,1,1,1,1,167346.6574965161
1,1,1,0,1,0,186954.55424565848
0,0,0,1,1,1,333693.6724455236
0,1,1,0,0,0,341531.3785454735
0,0,1,0,1,1,332234.67203362985
1,1,1,1,0,0,185983.56440923287
0,0,0,0,1,1,328555.7656140337
1,1,1,1,0,1,174268.49362087564
1,1,0,0,0,0,184306.4648634976
1,1,0,0,0,1,183587.95299524203
0,0,1,0,0,0,336858.2971550329
1,1,0,1,0,0,187912.44903438556
1,0,0,0,1,1,186131.33037656892
1,0,0,0,0,0,186373.09797517277
0,1,1,1,0,1,326540.71501477476
0,1,0,0,0,0,381009.6412584672
0,1,1,0,1,1,338804.5123543456
1,0,1,0,0,0,185536.29716621415
0,1,1,0,0,1,326383.5771094991
0,1,0,0,0,1,333032.31097797886
0,1,0,1,1,1,331634.1889843625
0,0,1,1,1,1,333051.08364164986
